<?xml version="1.0" encoding="UTF-8"?>
<!--DOCTYPE conf SYSTEM "helpers/2010/config.dtd"-->
<!-- launch-sync-type = timer or key-->
<conf   backuppath="backup"
		launch-sync-type="key"
		reportpath="./backup/"
		time-to-launch="10000"
		tournamentmode="0"
		tournamentname="Mars2011">
	<simulation-server><network-agent backlog="10" port="12300"/></simulation-server>
	<match>
		<simulation
				configurationclass="massim.competition2011.GraphSimulationConfiguration"
				file-simulationlog="./backup/"
				id="2011-tournament1-map1"
				rmixmlobsserverhost="localhost"
				rmixmlobsserverport="1099"
				rmixmlobserver="massim.competition2011.GraphSimulationRMIXMLDocumentObserver"
				simulationclass="massim.competition2011.GraphSimulation"
				xmlstatisticsobserver="massim.competition2011.GraphSimulationXMLStatisticsObserver"
				visualisationobserver="massim.competition2011.GraphSimulationVisualizationObserver"
				
		>
			<configuration
					xmlns:meta="http://www.tu-clausthal.de/"
					maxNumberOfSteps="750"
					numberOfAgents="20"
					numberOfTeams="2"
					agentsPerTeam="1"
					numberOfNodes="150"
					gridWidth="15"
					gridHeight="15"
					cellWidth="100"
					minNodeWeight="1"
					maxNodeWeight="10"
					minEdgeCost="1"
					maxEdgeCost="10"
					nodeWeighting="0"
					mapGenerator="GraphGeneratorTriangulationBalanced"
					
			>
				<actions>
					<action
						name="attack"
						energyCost="2" energyCostFailed="2" energyCostDisabled="2" energyCostFailedDisabled="2"
						healthCost="0" healthCostFailed="0" healthCostDisabled="0" healthCostFailedDisabled="0"
						pointsCost="0" pointsCostFailed="0" pointsCostDisabled="0" pointsCostFailedDisabled="0"
					/>
					<action
						name="parry"
						energyCost="2" energyCostFailed="2" energyCostDisabled="2" energyCostFailedDisabled="2"
						healthCost="0" healthCostFailed="0" healthCostDisabled="0" healthCostFailedDisabled="0"
						pointsCost="0" pointsCostFailed="0" pointsCostDisabled="0" pointsCostFailedDisabled="0"
					/>
					<action
						name="goto"
						energyCost="1" energyCostFailed="1" energyCostDisabled="1" energyCostFailedDisabled="1"
						healthCost="0" healthCostFailed="0" healthCostDisabled="0" healthCostFailedDisabled="0"
						pointsCost="0" pointsCostFailed="0" pointsCostDisabled="0" pointsCostFailedDisabled="0"
					/>
					<action
						name="probe"
						energyCost="1" energyCostFailed="1" energyCostDisabled="1" energyCostFailedDisabled="1"
						healthCost="0" healthCostFailed="0" healthCostDisabled="0" healthCostFailedDisabled="0"
						pointsCost="0" pointsCostFailed="0" pointsCostDisabled="0" pointsCostFailedDisabled="0"
					/>
					<action
						name="survey"
						energyCost="1" energyCostFailed="1" energyCostDisabled="1" energyCostFailedDisabled="1"
						healthCost="0" healthCostFailed="0" healthCostDisabled="0" healthCostFailedDisabled="0"
						pointsCost="0" pointsCostFailed="0" pointsCostDisabled="0" pointsCostFailedDisabled="0"
					/>
					<action
						name="inspect"
						energyCost="2" energyCostFailed="2" energyCostDisabled="2" energyCostFailedDisabled="2"
						healthCost="0" healthCostFailed="0" healthCostDisabled="0" healthCostFailedDisabled="0"
						pointsCost="0" pointsCostFailed="0" pointsCostDisabled="0" pointsCostFailedDisabled="0"
					/>
					<action
						name="repair"
						energyCost="2" energyCostFailed="2" energyCostDisabled="3" energyCostFailedDisabled="3"
						healthCost="0" healthCostFailed="0" healthCostDisabled="0" healthCostFailedDisabled="0"
						pointsCost="0" pointsCostFailed="0" pointsCostDisabled="0" pointsCostFailedDisabled="0"
					/>
					<action
						name="buy"
						energyCost="2"  energyCostFailed="2" energyCostDisabled="2"  energyCostFailedDisabled="2"
						healthCost="0"  healthCostFailed="0" healthCostDisabled="0"  healthCostFailedDisabled="0"
						pointsCost="2" pointsCostFailed="0" pointsCostDisabled="2" pointsCostFailedDisabled="0"
					/>
					<action
						name="recharge"
						energyCost="50" energyCostFailed="0"  energyCostDisabled="30" energyCostFailedDisabled="0"
						healthCost="0"  healthCostFailed="0"  healthCostDisabled="0"  healthCostFailedDisabled="0"
						pointsCost="0"  pointsCostFailed="0"  pointsCostDisabled="0"  pointsCostFailedDisabled="0"
					/>
				</actions>
				<roles>
					<role name="Explorer"
							maxEnergy="24" maxBuyEnergy="1000"  rateBuyEnergy="2" maxEnergyDisabled="12" rateBuyEnergyDisabled="1"
							maxHealth="4" maxBuyHealth="1000"  rateBuyHealth="1"
							strength="0" maxBuyStrength="0"  rateBuyStrength="1"
							visRange="2"  maxBuyVisRange="1000" rateBuyVisRange="1">
						<actions>
							<action name="goto"/>
							<action name="probe"/>
							<action name="survey"/>
							<action name="buy"/>
							<action name="recharge"/>
						</actions>
						<actionsDisable>
							<action name="recharge"/>
							<action name="goto"/>
						</actionsDisable>
					</role>
					<role name="Repairer"
							maxEnergy="16" maxBuyEnergy="1000"  rateBuyEnergy="2" maxEnergyDisabled="8" rateBuyEnergyDisabled="1"
							maxHealth="6" maxBuyHealth="1000"  rateBuyHealth="1"
							strength="0" maxBuyStrength="0"  rateBuyStrength="1"
							visRange="1"  maxBuyVisRange="1000" rateBuyVisRange="1">
						<actions>
							<action name="goto"/>
							<action name="parry"/>
							<action name="survey"/>
							<action name="buy"/>
							<action name="repair"/>
							<action name="recharge"/>
						</actions>
						<actionsDisable>
							<action name="recharge"/>
							<action name="goto"/>
							<action name="repair"/>
						</actionsDisable>
					</role>
					<role name="Saboteur"
							maxEnergy="14" maxBuyEnergy="1000"  rateBuyEnergy="2" maxEnergyDisabled="7" rateBuyEnergyDisabled="1"
							maxHealth="3" maxBuyHealth="1000"  rateBuyHealth="1"
							strength="3" maxBuyStrength="1000"  rateBuyStrength="1"
							visRange="1"  maxBuyVisRange="1000" rateBuyVisRange="1">
						<actions>
							<action name="goto"/>
							<action name="parry"/>
							<action name="survey"/>
							<action name="buy"/>
							<action name="attack"/>
							<action name="recharge"/>
						</actions>
						<actionsDisable>
							<action name="recharge"/>
							<action name="goto"/>
						</actionsDisable>
					</role>
					<role name="Sentinel"
							maxEnergy="20" maxBuyEnergy="1000"  rateBuyEnergy="2" maxEnergyDisabled="10" rateBuyEnergyDisabled="1"
							maxHealth="1" maxBuyHealth="1000"  rateBuyHealth="1"
							strength="0" maxBuyStrength="0"  rateBuyStrength="1"
							visRange="3"  maxBuyVisRange="1000" rateBuyVisRange="1">
						<actions>
							<action name="goto"/>
							<action name="parry"/>
							<action name="survey"/>
							<action name="buy"/>
							<action name="recharge"/>
						</actions>
						<actionsDisable>
							<action name="recharge"/>
							<action name="goto"/>
						</actionsDisable>
					</role>
					<role name="Inspector"
							maxEnergy="16" maxBuyEnergy="1000"  rateBuyEnergy="2" maxEnergyDisabled="8" rateBuyEnergyDisabled="1"
							maxHealth="6" maxBuyHealth="1000"  rateBuyHealth="1"
							strength="0" maxBuyStrength="0"  rateBuyStrength="1"
							visRange="1"  maxBuyVisRange="1000" rateBuyVisRange="1">
						<actions>
							<action name="goto"/>
							<action name="inspect"/>
							<action name="survey"/>
							<action name="buy"/>
							<action name="recharge"/>
						</actions>
						<actionsDisable>
							<action name="recharge"/>
							<action name="goto"/>
						</actionsDisable>
					</role>
				</roles>
				<achievements>
					<achievement class="probedVertices" name="proved5" quantity="5" points="2"/>
					<achievement class="probedVertices" name="proved10" quantity="10" points="2"/>
					<achievement class="probedVertices" name="proved20" quantity="20" points="2"/>
					<achievement class="probedVertices" name="proved40" quantity="40" points="2"/>
					<achievement class="probedVertices" name="proved80" quantity="80" points="2"/>
					<achievement class="probedVertices" name="proved160" quantity="160" points="2"/>
					<achievement class="probedVertices" name="proved320" quantity="320" points="2"/>
					<achievement class="probedVertices" name="proved640" quantity="640" points="2"/>
					<achievement class="surveyedEdges" name="surveyed10" quantity="10" points="2"/>
					<achievement class="surveyedEdges" name="surveyed20" quantity="20" points="2"/>
					<achievement class="surveyedEdges" name="surveyed40" quantity="40" points="2"/>
					<achievement class="surveyedEdges" name="surveyed80" quantity="80" points="2"/>
					<achievement class="surveyedEdges" name="surveyed160" quantity="160" points="2"/>
					<achievement class="surveyedEdges" name="surveyed320" quantity="320" points="2"/>
					<achievement class="surveyedEdges" name="surveyed640" quantity="640" points="2"/>
					<achievement class="surveyedEdges" name="surveyed1280" quantity="1280" points="2"/>
					<achievement class="inspectedAgents" name="inspected5" quantity="5" points="2"/>
					<achievement class="inspectedAgents" name="inspected10" quantity="10" points="2"/>
					<achievement class="inspectedAgents" name="inspected20" quantity="20" points="2"/>
					<achievement class="inspectedAgents" name="inspected40" quantity="40" points="2"/>
					<achievement class="inspectedAgents" name="inspected80" quantity="80" points="2"/>
					<achievement class="inspectedAgents" name="inspected160" quantity="160" points="2"/>
					<achievement class="inspectedAgents" name="inspected320" quantity="320" points="2"/>
					<achievement class="inspectedAgents" name="inspected640" quantity="640" points="2"/>
					<achievement class="successfulAttacks" name="attacked5" quantity="5" points="2"/>
					<achievement class="successfulAttacks" name="attacked10" quantity="10" points="2"/>
					<achievement class="successfulAttacks" name="attacked20" quantity="20" points="2"/>
					<achievement class="successfulAttacks" name="attacked40" quantity="40" points="2"/>
					<achievement class="successfulAttacks" name="attacked80" quantity="80" points="2"/>
					<achievement class="successfulAttacks" name="attacked160" quantity="160" points="2"/>
					<achievement class="successfulAttacks" name="attacked320" quantity="320" points="2"/>
					<achievement class="successfulAttacks" name="attacked640" quantity="640" points="2"/>
					<achievement class="successfulParries" name="parried5" quantity="5" points="2"/>
					<achievement class="successfulParries" name="parried10" quantity="10" points="2"/>
					<achievement class="successfulParries" name="parried20" quantity="20" points="2"/>
					<achievement class="successfulParries" name="parried40" quantity="40" points="2"/>
					<achievement class="successfulParries" name="parried80" quantity="80" points="2"/>
					<achievement class="successfulParries" name="parried160" quantity="160" points="2"/>
					<achievement class="successfulParries" name="parried320" quantity="320" points="2"/>
					<achievement class="successfulParries" name="parried640" quantity="640" points="2"/>
					<achievement class="areaValue" name="area10" quantity="10" points="2"/>
					<achievement class="areaValue" name="area20" quantity="20" points="2"/>
					<achievement class="areaValue" name="area40" quantity="40" points="2"/>
					<achievement class="areaValue" name="area80" quantity="80" points="2"/>
					<achievement class="areaValue" name="area160" quantity="160" points="2"/>
					<achievement class="areaValue" name="area320" quantity="320" points="2"/>
					<achievement class="areaValue" name="area640" quantity="640" points="2"/>
					<achievement class="areaValue" name="area1280" quantity="1280" points="2"/> 
				</achievements>
			</configuration>
			<agents>
				<agent agentclass="massim.competition2011.GraphSimulationAgent" agentcreationclass="massim.competition2011.GraphSimulationAgentParameter" team="red">
					<configuration roleName="Explorer"/>
				</agent>
				<agent agentclass="massim.competition2011.GraphSimulationAgent" agentcreationclass="massim.competition2011.GraphSimulationAgentParameter" team="red">
					<configuration roleName="Explorer"/>
				</agent>
				<agent agentclass="massim.competition2011.GraphSimulationAgent" agentcreationclass="massim.competition2011.GraphSimulationAgentParameter" team="red">
					<configuration roleName="Repairer"/>
				</agent>
				<agent agentclass="massim.competition2011.GraphSimulationAgent" agentcreationclass="massim.competition2011.GraphSimulationAgentParameter" team="red">
					<configuration roleName="Repairer"/>
				</agent>
				<agent agentclass="massim.competition2011.GraphSimulationAgent" agentcreationclass="massim.competition2011.GraphSimulationAgentParameter" team="red">
					<configuration roleName="Saboteur"/>
				</agent>
				<agent agentclass="massim.competition2011.GraphSimulationAgent" agentcreationclass="massim.competition2011.GraphSimulationAgentParameter" team="red">
					<configuration roleName="Saboteur"/>
				</agent>
				<agent agentclass="massim.competition2011.GraphSimulationAgent" agentcreationclass="massim.competition2011.GraphSimulationAgentParameter" team="red">
					<configuration roleName="Sentinel"/>
				</agent>
				<agent agentclass="massim.competition2011.GraphSimulationAgent" agentcreationclass="massim.competition2011.GraphSimulationAgentParameter" team="red">
					<configuration roleName="Sentinel"/>
				</agent>
				<agent agentclass="massim.competition2011.GraphSimulationAgent" agentcreationclass="massim.competition2011.GraphSimulationAgentParameter" team="red">
					<configuration roleName="Inspector"/>
				</agent>
				<agent agentclass="massim.competition2011.GraphSimulationAgent" agentcreationclass="massim.competition2011.GraphSimulationAgentParameter" team="red">
					<configuration roleName="Inspector"/>
				</agent>
				

				
				<agent agentclass="massim.competition2011.GraphSimulationAgent" agentcreationclass="massim.competition2011.GraphSimulationAgentParameter" team="blue">
					<configuration roleName="Explorer"/>
				</agent>
				<agent agentclass="massim.competition2011.GraphSimulationAgent" agentcreationclass="massim.competition2011.GraphSimulationAgentParameter" team="blue">
					<configuration roleName="Explorer"/>
				</agent>
				<agent agentclass="massim.competition2011.GraphSimulationAgent" agentcreationclass="massim.competition2011.GraphSimulationAgentParameter" team="blue">
					<configuration roleName="Repairer"/>
				</agent>
				<agent agentclass="massim.competition2011.GraphSimulationAgent" agentcreationclass="massim.competition2011.GraphSimulationAgentParameter" team="blue">
					<configuration roleName="Repairer"/>
				</agent>
				<agent agentclass="massim.competition2011.GraphSimulationAgent" agentcreationclass="massim.competition2011.GraphSimulationAgentParameter" team="blue">
					<configuration roleName="Saboteur"/>
				</agent>
				<agent agentclass="massim.competition2011.GraphSimulationAgent" agentcreationclass="massim.competition2011.GraphSimulationAgentParameter" team="blue">
					<configuration roleName="Saboteur"/>
				</agent>
				<agent agentclass="massim.competition2011.GraphSimulationAgent" agentcreationclass="massim.competition2011.GraphSimulationAgentParameter" team="blue">
					<configuration roleName="Sentinel"/>
				</agent>
				<agent agentclass="massim.competition2011.GraphSimulationAgent" agentcreationclass="massim.competition2011.GraphSimulationAgentParameter" team="blue">
					<configuration roleName="Sentinel"/>
				</agent>
				<agent agentclass="massim.competition2011.GraphSimulationAgent" agentcreationclass="massim.competition2011.GraphSimulationAgentParameter" team="blue">
					<configuration roleName="Inspector"/>
				</agent>
				<agent agentclass="massim.competition2011.GraphSimulationAgent" agentcreationclass="massim.competition2011.GraphSimulationAgentParameter" team="blue">
					<configuration roleName="Inspector"/>
				</agent>
			</agents>
		</simulation>
		<simulation
				configurationclass="massim.competition2011.GraphSimulationConfiguration"
				file-simulationlog="./backup/"
				id="2011-tournament1-map2"
				rmixmlobsserverhost="localhost"
				rmixmlobsserverport="1099"
				rmixmlobserver="massim.competition2011.GraphSimulationRMIXMLDocumentObserver"
				simulationclass="massim.competition2011.GraphSimulation"
				xmlstatisticsobserver="massim.competition2011.GraphSimulationXMLStatisticsObserver"
				visualisationobserver="massim.competition2011.GraphSimulationVisualizationObserver"
				
		>
			<configuration
					xmlns:meta="http://www.tu-clausthal.de/"
					maxNumberOfSteps="750"
					numberOfAgents="20"
					numberOfTeams="2"
					agentsPerTeam="1"
					numberOfNodes="120"
					gridWidth="15"
					gridHeight="15"
					cellWidth="100"
					minNodeWeight="1"
					maxNodeWeight="10"
					minEdgeCost="1"
					maxEdgeCost="10"
					nodeWeighting="0"
					mapGenerator="GraphGeneratorTriangulationBalanced"
					
			>
				<actions>
					<action
						name="attack"
						energyCost="2" energyCostFailed="2" energyCostDisabled="2" energyCostFailedDisabled="2"
						healthCost="0" healthCostFailed="0" healthCostDisabled="0" healthCostFailedDisabled="0"
						pointsCost="0" pointsCostFailed="0" pointsCostDisabled="0" pointsCostFailedDisabled="0"
					/>
					<action
						name="parry"
						energyCost="2" energyCostFailed="2" energyCostDisabled="2" energyCostFailedDisabled="2"
						healthCost="0" healthCostFailed="0" healthCostDisabled="0" healthCostFailedDisabled="0"
						pointsCost="0" pointsCostFailed="0" pointsCostDisabled="0" pointsCostFailedDisabled="0"
					/>
					<action
						name="goto"
						energyCost="1" energyCostFailed="1" energyCostDisabled="1" energyCostFailedDisabled="1"
						healthCost="0" healthCostFailed="0" healthCostDisabled="0" healthCostFailedDisabled="0"
						pointsCost="0" pointsCostFailed="0" pointsCostDisabled="0" pointsCostFailedDisabled="0"
					/>
					<action
						name="probe"
						energyCost="1" energyCostFailed="1" energyCostDisabled="1" energyCostFailedDisabled="1"
						healthCost="0" healthCostFailed="0" healthCostDisabled="0" healthCostFailedDisabled="0"
						pointsCost="0" pointsCostFailed="0" pointsCostDisabled="0" pointsCostFailedDisabled="0"
					/>
					<action
						name="survey"
						energyCost="1" energyCostFailed="1" energyCostDisabled="1" energyCostFailedDisabled="1"
						healthCost="0" healthCostFailed="0" healthCostDisabled="0" healthCostFailedDisabled="0"
						pointsCost="0" pointsCostFailed="0" pointsCostDisabled="0" pointsCostFailedDisabled="0"
					/>
					<action
						name="inspect"
						energyCost="2" energyCostFailed="2" energyCostDisabled="2" energyCostFailedDisabled="2"
						healthCost="0" healthCostFailed="0" healthCostDisabled="0" healthCostFailedDisabled="0"
						pointsCost="0" pointsCostFailed="0" pointsCostDisabled="0" pointsCostFailedDisabled="0"
					/>
					<action
						name="repair"
						energyCost="2" energyCostFailed="2" energyCostDisabled="3" energyCostFailedDisabled="3"
						healthCost="0" healthCostFailed="0" healthCostDisabled="0" healthCostFailedDisabled="0"
						pointsCost="0" pointsCostFailed="0" pointsCostDisabled="0" pointsCostFailedDisabled="0"
					/>
					<action
						name="buy"
						energyCost="2"  energyCostFailed="2" energyCostDisabled="2"  energyCostFailedDisabled="2"
						healthCost="0"  healthCostFailed="0" healthCostDisabled="0"  healthCostFailedDisabled="0"
						pointsCost="2" pointsCostFailed="0" pointsCostDisabled="2" pointsCostFailedDisabled="0"
					/>
					<action
						name="recharge"
						energyCost="50" energyCostFailed="0"  energyCostDisabled="30" energyCostFailedDisabled="0"
						healthCost="0"  healthCostFailed="0"  healthCostDisabled="0"  healthCostFailedDisabled="0"
						pointsCost="0"  pointsCostFailed="0"  pointsCostDisabled="0"  pointsCostFailedDisabled="0"
					/>
				</actions>
				<roles>
					<role name="Explorer"
							maxEnergy="24" maxBuyEnergy="1000"  rateBuyEnergy="2" maxEnergyDisabled="12" rateBuyEnergyDisabled="1"
							maxHealth="4" maxBuyHealth="1000"  rateBuyHealth="1"
							strength="0" maxBuyStrength="0"  rateBuyStrength="1"
							visRange="2"  maxBuyVisRange="1000" rateBuyVisRange="1">
						<actions>
							<action name="goto"/>
							<action name="probe"/>
							<action name="survey"/>
							<action name="buy"/>
							<action name="recharge"/>
						</actions>
						<actionsDisable>
							<action name="recharge"/>
							<action name="goto"/>
						</actionsDisable>
					</role>
					<role name="Repairer"
							maxEnergy="16" maxBuyEnergy="1000"  rateBuyEnergy="2" maxEnergyDisabled="8" rateBuyEnergyDisabled="1"
							maxHealth="6" maxBuyHealth="1000"  rateBuyHealth="1"
							strength="0" maxBuyStrength="0"  rateBuyStrength="1"
							visRange="1"  maxBuyVisRange="1000" rateBuyVisRange="1">
						<actions>
							<action name="goto"/>
							<action name="parry"/>
							<action name="survey"/>
							<action name="buy"/>
							<action name="repair"/>
							<action name="recharge"/>
						</actions>
						<actionsDisable>
							<action name="recharge"/>
							<action name="goto"/>
							<action name="repair"/>
						</actionsDisable>
					</role>
					<role name="Saboteur"
							maxEnergy="14" maxBuyEnergy="1000"  rateBuyEnergy="2" maxEnergyDisabled="7" rateBuyEnergyDisabled="1"
							maxHealth="3" maxBuyHealth="1000"  rateBuyHealth="1"
							strength="3" maxBuyStrength="1000"  rateBuyStrength="1"
							visRange="1"  maxBuyVisRange="1000" rateBuyVisRange="1">
						<actions>
							<action name="goto"/>
							<action name="parry"/>
							<action name="survey"/>
							<action name="buy"/>
							<action name="attack"/>
							<action name="recharge"/>
						</actions>
						<actionsDisable>
							<action name="recharge"/>
							<action name="goto"/>
						</actionsDisable>
					</role>
					<role name="Sentinel"
							maxEnergy="20" maxBuyEnergy="1000"  rateBuyEnergy="2" maxEnergyDisabled="10" rateBuyEnergyDisabled="1"
							maxHealth="1" maxBuyHealth="1000"  rateBuyHealth="1"
							strength="0" maxBuyStrength="0"  rateBuyStrength="1"
							visRange="3"  maxBuyVisRange="1000" rateBuyVisRange="1">
						<actions>
							<action name="goto"/>
							<action name="parry"/>
							<action name="survey"/>
							<action name="buy"/>
							<action name="recharge"/>
						</actions>
						<actionsDisable>
							<action name="recharge"/>
							<action name="goto"/>
						</actionsDisable>
					</role>
					<role name="Inspector"
							maxEnergy="16" maxBuyEnergy="1000"  rateBuyEnergy="2" maxEnergyDisabled="8" rateBuyEnergyDisabled="1"
							maxHealth="6" maxBuyHealth="1000"  rateBuyHealth="1"
							strength="0" maxBuyStrength="0"  rateBuyStrength="1"
							visRange="1"  maxBuyVisRange="1000" rateBuyVisRange="1">
						<actions>
							<action name="goto"/>
							<action name="inspect"/>
							<action name="survey"/>
							<action name="buy"/>
							<action name="recharge"/>
						</actions>
						<actionsDisable>
							<action name="recharge"/>
							<action name="goto"/>
						</actionsDisable>
					</role>
				</roles>
				<achievements>
					<achievement class="probedVertices" name="proved5" quantity="5" points="2"/>
					<achievement class="probedVertices" name="proved10" quantity="10" points="2"/>
					<achievement class="probedVertices" name="proved20" quantity="20" points="2"/>
					<achievement class="probedVertices" name="proved40" quantity="40" points="2"/>
					<achievement class="probedVertices" name="proved80" quantity="80" points="2"/>
					<achievement class="probedVertices" name="proved160" quantity="160" points="2"/>
					<achievement class="probedVertices" name="proved320" quantity="320" points="2"/>
					<achievement class="probedVertices" name="proved640" quantity="640" points="2"/>
					<achievement class="surveyedEdges" name="surveyed10" quantity="10" points="2"/>
					<achievement class="surveyedEdges" name="surveyed20" quantity="20" points="2"/>
					<achievement class="surveyedEdges" name="surveyed40" quantity="40" points="2"/>
					<achievement class="surveyedEdges" name="surveyed80" quantity="80" points="2"/>
					<achievement class="surveyedEdges" name="surveyed160" quantity="160" points="2"/>
					<achievement class="surveyedEdges" name="surveyed320" quantity="320" points="2"/>
					<achievement class="surveyedEdges" name="surveyed640" quantity="640" points="2"/>
					<achievement class="surveyedEdges" name="surveyed1280" quantity="1280" points="2"/>
					<achievement class="inspectedAgents" name="inspected5" quantity="5" points="2"/>
					<achievement class="inspectedAgents" name="inspected10" quantity="10" points="2"/>
					<achievement class="inspectedAgents" name="inspected20" quantity="20" points="2"/>
					<achievement class="inspectedAgents" name="inspected40" quantity="40" points="2"/>
					<achievement class="inspectedAgents" name="inspected80" quantity="80" points="2"/>
					<achievement class="inspectedAgents" name="inspected160" quantity="160" points="2"/>
					<achievement class="inspectedAgents" name="inspected320" quantity="320" points="2"/>
					<achievement class="inspectedAgents" name="inspected640" quantity="640" points="2"/>
					<achievement class="successfulAttacks" name="attacked5" quantity="5" points="2"/>
					<achievement class="successfulAttacks" name="attacked10" quantity="10" points="2"/>
					<achievement class="successfulAttacks" name="attacked20" quantity="20" points="2"/>
					<achievement class="successfulAttacks" name="attacked40" quantity="40" points="2"/>
					<achievement class="successfulAttacks" name="attacked80" quantity="80" points="2"/>
					<achievement class="successfulAttacks" name="attacked160" quantity="160" points="2"/>
					<achievement class="successfulAttacks" name="attacked320" quantity="320" points="2"/>
					<achievement class="successfulAttacks" name="attacked640" quantity="640" points="2"/>
					<achievement class="successfulParries" name="parried5" quantity="5" points="2"/>
					<achievement class="successfulParries" name="parried10" quantity="10" points="2"/>
					<achievement class="successfulParries" name="parried20" quantity="20" points="2"/>
					<achievement class="successfulParries" name="parried40" quantity="40" points="2"/>
					<achievement class="successfulParries" name="parried80" quantity="80" points="2"/>
					<achievement class="successfulParries" name="parried160" quantity="160" points="2"/>
					<achievement class="successfulParries" name="parried320" quantity="320" points="2"/>
					<achievement class="successfulParries" name="parried640" quantity="640" points="2"/>
					<achievement class="areaValue" name="area10" quantity="10" points="2"/>
					<achievement class="areaValue" name="area20" quantity="20" points="2"/>
					<achievement class="areaValue" name="area40" quantity="40" points="2"/>
					<achievement class="areaValue" name="area80" quantity="80" points="2"/>
					<achievement class="areaValue" name="area160" quantity="160" points="2"/>
					<achievement class="areaValue" name="area320" quantity="320" points="2"/>
					<achievement class="areaValue" name="area640" quantity="640" points="2"/>
					<achievement class="areaValue" name="area1280" quantity="1280" points="2"/> 
				</achievements>
			</configuration>
			<agents>
				<agent agentclass="massim.competition2011.GraphSimulationAgent" agentcreationclass="massim.competition2011.GraphSimulationAgentParameter" team="red">
					<configuration roleName="Explorer"/>
				</agent>
				<agent agentclass="massim.competition2011.GraphSimulationAgent" agentcreationclass="massim.competition2011.GraphSimulationAgentParameter" team="red">
					<configuration roleName="Explorer"/>
				</agent>
				<agent agentclass="massim.competition2011.GraphSimulationAgent" agentcreationclass="massim.competition2011.GraphSimulationAgentParameter" team="red">
					<configuration roleName="Repairer"/>
				</agent>
				<agent agentclass="massim.competition2011.GraphSimulationAgent" agentcreationclass="massim.competition2011.GraphSimulationAgentParameter" team="red">
					<configuration roleName="Repairer"/>
				</agent>
				<agent agentclass="massim.competition2011.GraphSimulationAgent" agentcreationclass="massim.competition2011.GraphSimulationAgentParameter" team="red">
					<configuration roleName="Saboteur"/>
				</agent>
				<agent agentclass="massim.competition2011.GraphSimulationAgent" agentcreationclass="massim.competition2011.GraphSimulationAgentParameter" team="red">
					<configuration roleName="Saboteur"/>
				</agent>
				<agent agentclass="massim.competition2011.GraphSimulationAgent" agentcreationclass="massim.competition2011.GraphSimulationAgentParameter" team="red">
					<configuration roleName="Sentinel"/>
				</agent>
				<agent agentclass="massim.competition2011.GraphSimulationAgent" agentcreationclass="massim.competition2011.GraphSimulationAgentParameter" team="red">
					<configuration roleName="Sentinel"/>
				</agent>
				<agent agentclass="massim.competition2011.GraphSimulationAgent" agentcreationclass="massim.competition2011.GraphSimulationAgentParameter" team="red">
					<configuration roleName="Inspector"/>
				</agent>
				<agent agentclass="massim.competition2011.GraphSimulationAgent" agentcreationclass="massim.competition2011.GraphSimulationAgentParameter" team="red">
					<configuration roleName="Inspector"/>
				</agent>
				

				
				<agent agentclass="massim.competition2011.GraphSimulationAgent" agentcreationclass="massim.competition2011.GraphSimulationAgentParameter" team="blue">
					<configuration roleName="Explorer"/>
				</agent>
				<agent agentclass="massim.competition2011.GraphSimulationAgent" agentcreationclass="massim.competition2011.GraphSimulationAgentParameter" team="blue">
					<configuration roleName="Explorer"/>
				</agent>
				<agent agentclass="massim.competition2011.GraphSimulationAgent" agentcreationclass="massim.competition2011.GraphSimulationAgentParameter" team="blue">
					<configuration roleName="Repairer"/>
				</agent>
				<agent agentclass="massim.competition2011.GraphSimulationAgent" agentcreationclass="massim.competition2011.GraphSimulationAgentParameter" team="blue">
					<configuration roleName="Repairer"/>
				</agent>
				<agent agentclass="massim.competition2011.GraphSimulationAgent" agentcreationclass="massim.competition2011.GraphSimulationAgentParameter" team="blue">
					<configuration roleName="Saboteur"/>
				</agent>
				<agent agentclass="massim.competition2011.GraphSimulationAgent" agentcreationclass="massim.competition2011.GraphSimulationAgentParameter" team="blue">
					<configuration roleName="Saboteur"/>
				</agent>
				<agent agentclass="massim.competition2011.GraphSimulationAgent" agentcreationclass="massim.competition2011.GraphSimulationAgentParameter" team="blue">
					<configuration roleName="Sentinel"/>
				</agent>
				<agent agentclass="massim.competition2011.GraphSimulationAgent" agentcreationclass="massim.competition2011.GraphSimulationAgentParameter" team="blue">
					<configuration roleName="Sentinel"/>
				</agent>
				<agent agentclass="massim.competition2011.GraphSimulationAgent" agentcreationclass="massim.competition2011.GraphSimulationAgentParameter" team="blue">
					<configuration roleName="Inspector"/>
				</agent>
				<agent agentclass="massim.competition2011.GraphSimulationAgent" agentcreationclass="massim.competition2011.GraphSimulationAgentParameter" team="blue">
					<configuration roleName="Inspector"/>
				</agent>
			</agents>
		</simulation>
		<simulation
				configurationclass="massim.competition2011.GraphSimulationConfiguration"
				file-simulationlog="./backup/"
				id="2011-tournament1-map3"
				rmixmlobsserverhost="localhost"
				rmixmlobsserverport="1099"
				rmixmlobserver="massim.competition2011.GraphSimulationRMIXMLDocumentObserver"
				simulationclass="massim.competition2011.GraphSimulation"
				xmlstatisticsobserver="massim.competition2011.GraphSimulationXMLStatisticsObserver"
				visualisationobserver="massim.competition2011.GraphSimulationVisualizationObserver"
				
		>
			<configuration
					xmlns:meta="http://www.tu-clausthal.de/"
					maxNumberOfSteps="750"
					numberOfAgents="20"
					numberOfTeams="2"
					agentsPerTeam="1"
					numberOfNodes="100"
					gridWidth="15"
					gridHeight="15"
					cellWidth="100"
					minNodeWeight="1"
					maxNodeWeight="10"
					minEdgeCost="1"
					maxEdgeCost="10"
					nodeWeighting="0"
					mapGenerator="GraphGeneratorTriangulationBalanced"
					
			>
				<actions>
					<action
						name="attack"
						energyCost="2" energyCostFailed="2" energyCostDisabled="2" energyCostFailedDisabled="2"
						healthCost="0" healthCostFailed="0" healthCostDisabled="0" healthCostFailedDisabled="0"
						pointsCost="0" pointsCostFailed="0" pointsCostDisabled="0" pointsCostFailedDisabled="0"
					/>
					<action
						name="parry"
						energyCost="2" energyCostFailed="2" energyCostDisabled="2" energyCostFailedDisabled="2"
						healthCost="0" healthCostFailed="0" healthCostDisabled="0" healthCostFailedDisabled="0"
						pointsCost="0" pointsCostFailed="0" pointsCostDisabled="0" pointsCostFailedDisabled="0"
					/>
					<action
						name="goto"
						energyCost="1" energyCostFailed="1" energyCostDisabled="1" energyCostFailedDisabled="1"
						healthCost="0" healthCostFailed="0" healthCostDisabled="0" healthCostFailedDisabled="0"
						pointsCost="0" pointsCostFailed="0" pointsCostDisabled="0" pointsCostFailedDisabled="0"
					/>
					<action
						name="probe"
						energyCost="1" energyCostFailed="1" energyCostDisabled="1" energyCostFailedDisabled="1"
						healthCost="0" healthCostFailed="0" healthCostDisabled="0" healthCostFailedDisabled="0"
						pointsCost="0" pointsCostFailed="0" pointsCostDisabled="0" pointsCostFailedDisabled="0"
					/>
					<action
						name="survey"
						energyCost="1" energyCostFailed="1" energyCostDisabled="1" energyCostFailedDisabled="1"
						healthCost="0" healthCostFailed="0" healthCostDisabled="0" healthCostFailedDisabled="0"
						pointsCost="0" pointsCostFailed="0" pointsCostDisabled="0" pointsCostFailedDisabled="0"
					/>
					<action
						name="inspect"
						energyCost="2" energyCostFailed="2" energyCostDisabled="2" energyCostFailedDisabled="2"
						healthCost="0" healthCostFailed="0" healthCostDisabled="0" healthCostFailedDisabled="0"
						pointsCost="0" pointsCostFailed="0" pointsCostDisabled="0" pointsCostFailedDisabled="0"
					/>
					<action
						name="repair"
						energyCost="2" energyCostFailed="2" energyCostDisabled="3" energyCostFailedDisabled="3"
						healthCost="0" healthCostFailed="0" healthCostDisabled="0" healthCostFailedDisabled="0"
						pointsCost="0" pointsCostFailed="0" pointsCostDisabled="0" pointsCostFailedDisabled="0"
					/>
					<action
						name="buy"
						energyCost="2"  energyCostFailed="2" energyCostDisabled="2"  energyCostFailedDisabled="2"
						healthCost="0"  healthCostFailed="0" healthCostDisabled="0"  healthCostFailedDisabled="0"
						pointsCost="2" pointsCostFailed="0" pointsCostDisabled="2" pointsCostFailedDisabled="0"
					/>
					<action
						name="recharge"
						energyCost="50" energyCostFailed="0"  energyCostDisabled="30" energyCostFailedDisabled="0"
						healthCost="0"  healthCostFailed="0"  healthCostDisabled="0"  healthCostFailedDisabled="0"
						pointsCost="0"  pointsCostFailed="0"  pointsCostDisabled="0"  pointsCostFailedDisabled="0"
					/>
				</actions>
				<roles>
					<role name="Explorer"
							maxEnergy="24" maxBuyEnergy="1000"  rateBuyEnergy="2" maxEnergyDisabled="12" rateBuyEnergyDisabled="1"
							maxHealth="4" maxBuyHealth="1000"  rateBuyHealth="1"
							strength="0" maxBuyStrength="0"  rateBuyStrength="1"
							visRange="2"  maxBuyVisRange="1000" rateBuyVisRange="1">
						<actions>
							<action name="goto"/>
							<action name="probe"/>
							<action name="survey"/>
							<action name="buy"/>
							<action name="recharge"/>
						</actions>
						<actionsDisable>
							<action name="recharge"/>
							<action name="goto"/>
						</actionsDisable>
					</role>
					<role name="Repairer"
							maxEnergy="16" maxBuyEnergy="1000"  rateBuyEnergy="2" maxEnergyDisabled="8" rateBuyEnergyDisabled="1"
							maxHealth="6" maxBuyHealth="1000"  rateBuyHealth="1"
							strength="0" maxBuyStrength="0"  rateBuyStrength="1"
							visRange="1"  maxBuyVisRange="1000" rateBuyVisRange="1">
						<actions>
							<action name="goto"/>
							<action name="parry"/>
							<action name="survey"/>
							<action name="buy"/>
							<action name="repair"/>
							<action name="recharge"/>
						</actions>
						<actionsDisable>
							<action name="recharge"/>
							<action name="goto"/>
							<action name="repair"/>
						</actionsDisable>
					</role>
					<role name="Saboteur"
							maxEnergy="14" maxBuyEnergy="1000"  rateBuyEnergy="2" maxEnergyDisabled="7" rateBuyEnergyDisabled="1"
							maxHealth="3" maxBuyHealth="1000"  rateBuyHealth="1"
							strength="3" maxBuyStrength="1000"  rateBuyStrength="1"
							visRange="1"  maxBuyVisRange="1000" rateBuyVisRange="1">
						<actions>
							<action name="goto"/>
							<action name="parry"/>
							<action name="survey"/>
							<action name="buy"/>
							<action name="attack"/>
							<action name="recharge"/>
						</actions>
						<actionsDisable>
							<action name="recharge"/>
							<action name="goto"/>
						</actionsDisable>
					</role>
					<role name="Sentinel"
							maxEnergy="20" maxBuyEnergy="1000"  rateBuyEnergy="2" maxEnergyDisabled="10" rateBuyEnergyDisabled="1"
							maxHealth="1" maxBuyHealth="1000"  rateBuyHealth="1"
							strength="0" maxBuyStrength="0"  rateBuyStrength="1"
							visRange="3"  maxBuyVisRange="1000" rateBuyVisRange="1">
						<actions>
							<action name="goto"/>
							<action name="parry"/>
							<action name="survey"/>
							<action name="buy"/>
							<action name="recharge"/>
						</actions>
						<actionsDisable>
							<action name="recharge"/>
							<action name="goto"/>
						</actionsDisable>
					</role>
					<role name="Inspector"
							maxEnergy="16" maxBuyEnergy="1000"  rateBuyEnergy="2" maxEnergyDisabled="8" rateBuyEnergyDisabled="1"
							maxHealth="6" maxBuyHealth="1000"  rateBuyHealth="1"
							strength="0" maxBuyStrength="0"  rateBuyStrength="1"
							visRange="1"  maxBuyVisRange="1000" rateBuyVisRange="1">
						<actions>
							<action name="goto"/>
							<action name="inspect"/>
							<action name="survey"/>
							<action name="buy"/>
							<action name="recharge"/>
						</actions>
						<actionsDisable>
							<action name="recharge"/>
							<action name="goto"/>
						</actionsDisable>
					</role>
				</roles>
				<achievements>
					<achievement class="probedVertices" name="proved5" quantity="5" points="2"/>
					<achievement class="probedVertices" name="proved10" quantity="10" points="2"/>
					<achievement class="probedVertices" name="proved20" quantity="20" points="2"/>
					<achievement class="probedVertices" name="proved40" quantity="40" points="2"/>
					<achievement class="probedVertices" name="proved80" quantity="80" points="2"/>
					<achievement class="probedVertices" name="proved160" quantity="160" points="2"/>
					<achievement class="probedVertices" name="proved320" quantity="320" points="2"/>
					<achievement class="probedVertices" name="proved640" quantity="640" points="2"/>
					<achievement class="surveyedEdges" name="surveyed10" quantity="10" points="2"/>
					<achievement class="surveyedEdges" name="surveyed20" quantity="20" points="2"/>
					<achievement class="surveyedEdges" name="surveyed40" quantity="40" points="2"/>
					<achievement class="surveyedEdges" name="surveyed80" quantity="80" points="2"/>
					<achievement class="surveyedEdges" name="surveyed160" quantity="160" points="2"/>
					<achievement class="surveyedEdges" name="surveyed320" quantity="320" points="2"/>
					<achievement class="surveyedEdges" name="surveyed640" quantity="640" points="2"/>
					<achievement class="surveyedEdges" name="surveyed1280" quantity="1280" points="2"/>
					<achievement class="inspectedAgents" name="inspected5" quantity="5" points="2"/>
					<achievement class="inspectedAgents" name="inspected10" quantity="10" points="2"/>
					<achievement class="inspectedAgents" name="inspected20" quantity="20" points="2"/>
					<achievement class="inspectedAgents" name="inspected40" quantity="40" points="2"/>
					<achievement class="inspectedAgents" name="inspected80" quantity="80" points="2"/>
					<achievement class="inspectedAgents" name="inspected160" quantity="160" points="2"/>
					<achievement class="inspectedAgents" name="inspected320" quantity="320" points="2"/>
					<achievement class="inspectedAgents" name="inspected640" quantity="640" points="2"/>
					<achievement class="successfulAttacks" name="attacked5" quantity="5" points="2"/>
					<achievement class="successfulAttacks" name="attacked10" quantity="10" points="2"/>
					<achievement class="successfulAttacks" name="attacked20" quantity="20" points="2"/>
					<achievement class="successfulAttacks" name="attacked40" quantity="40" points="2"/>
					<achievement class="successfulAttacks" name="attacked80" quantity="80" points="2"/>
					<achievement class="successfulAttacks" name="attacked160" quantity="160" points="2"/>
					<achievement class="successfulAttacks" name="attacked320" quantity="320" points="2"/>
					<achievement class="successfulAttacks" name="attacked640" quantity="640" points="2"/>
					<achievement class="successfulParries" name="parried5" quantity="5" points="2"/>
					<achievement class="successfulParries" name="parried10" quantity="10" points="2"/>
					<achievement class="successfulParries" name="parried20" quantity="20" points="2"/>
					<achievement class="successfulParries" name="parried40" quantity="40" points="2"/>
					<achievement class="successfulParries" name="parried80" quantity="80" points="2"/>
					<achievement class="successfulParries" name="parried160" quantity="160" points="2"/>
					<achievement class="successfulParries" name="parried320" quantity="320" points="2"/>
					<achievement class="successfulParries" name="parried640" quantity="640" points="2"/>
					<achievement class="areaValue" name="area10" quantity="10" points="2"/>
					<achievement class="areaValue" name="area20" quantity="20" points="2"/>
					<achievement class="areaValue" name="area40" quantity="40" points="2"/>
					<achievement class="areaValue" name="area80" quantity="80" points="2"/>
					<achievement class="areaValue" name="area160" quantity="160" points="2"/>
					<achievement class="areaValue" name="area320" quantity="320" points="2"/>
					<achievement class="areaValue" name="area640" quantity="640" points="2"/>
					<achievement class="areaValue" name="area1280" quantity="1280" points="2"/> 
				</achievements>
			</configuration>
			<agents>
				<agent agentclass="massim.competition2011.GraphSimulationAgent" agentcreationclass="massim.competition2011.GraphSimulationAgentParameter" team="red">
					<configuration roleName="Explorer"/>
				</agent>
				<agent agentclass="massim.competition2011.GraphSimulationAgent" agentcreationclass="massim.competition2011.GraphSimulationAgentParameter" team="red">
					<configuration roleName="Explorer"/>
				</agent>
				<agent agentclass="massim.competition2011.GraphSimulationAgent" agentcreationclass="massim.competition2011.GraphSimulationAgentParameter" team="red">
					<configuration roleName="Repairer"/>
				</agent>
				<agent agentclass="massim.competition2011.GraphSimulationAgent" agentcreationclass="massim.competition2011.GraphSimulationAgentParameter" team="red">
					<configuration roleName="Repairer"/>
				</agent>
				<agent agentclass="massim.competition2011.GraphSimulationAgent" agentcreationclass="massim.competition2011.GraphSimulationAgentParameter" team="red">
					<configuration roleName="Saboteur"/>
				</agent>
				<agent agentclass="massim.competition2011.GraphSimulationAgent" agentcreationclass="massim.competition2011.GraphSimulationAgentParameter" team="red">
					<configuration roleName="Saboteur"/>
				</agent>
				<agent agentclass="massim.competition2011.GraphSimulationAgent" agentcreationclass="massim.competition2011.GraphSimulationAgentParameter" team="red">
					<configuration roleName="Sentinel"/>
				</agent>
				<agent agentclass="massim.competition2011.GraphSimulationAgent" agentcreationclass="massim.competition2011.GraphSimulationAgentParameter" team="red">
					<configuration roleName="Sentinel"/>
				</agent>
				<agent agentclass="massim.competition2011.GraphSimulationAgent" agentcreationclass="massim.competition2011.GraphSimulationAgentParameter" team="red">
					<configuration roleName="Inspector"/>
				</agent>
				<agent agentclass="massim.competition2011.GraphSimulationAgent" agentcreationclass="massim.competition2011.GraphSimulationAgentParameter" team="red">
					<configuration roleName="Inspector"/>
				</agent>
				

				
				<agent agentclass="massim.competition2011.GraphSimulationAgent" agentcreationclass="massim.competition2011.GraphSimulationAgentParameter" team="blue">
					<configuration roleName="Explorer"/>
				</agent>
				<agent agentclass="massim.competition2011.GraphSimulationAgent" agentcreationclass="massim.competition2011.GraphSimulationAgentParameter" team="blue">
					<configuration roleName="Explorer"/>
				</agent>
				<agent agentclass="massim.competition2011.GraphSimulationAgent" agentcreationclass="massim.competition2011.GraphSimulationAgentParameter" team="blue">
					<configuration roleName="Repairer"/>
				</agent>
				<agent agentclass="massim.competition2011.GraphSimulationAgent" agentcreationclass="massim.competition2011.GraphSimulationAgentParameter" team="blue">
					<configuration roleName="Repairer"/>
				</agent>
				<agent agentclass="massim.competition2011.GraphSimulationAgent" agentcreationclass="massim.competition2011.GraphSimulationAgentParameter" team="blue">
					<configuration roleName="Saboteur"/>
				</agent>
				<agent agentclass="massim.competition2011.GraphSimulationAgent" agentcreationclass="massim.competition2011.GraphSimulationAgentParameter" team="blue">
					<configuration roleName="Saboteur"/>
				</agent>
				<agent agentclass="massim.competition2011.GraphSimulationAgent" agentcreationclass="massim.competition2011.GraphSimulationAgentParameter" team="blue">
					<configuration roleName="Sentinel"/>
				</agent>
				<agent agentclass="massim.competition2011.GraphSimulationAgent" agentcreationclass="massim.competition2011.GraphSimulationAgentParameter" team="blue">
					<configuration roleName="Sentinel"/>
				</agent>
				<agent agentclass="massim.competition2011.GraphSimulationAgent" agentcreationclass="massim.competition2011.GraphSimulationAgentParameter" team="blue">
					<configuration roleName="Inspector"/>
				</agent>
				<agent agentclass="massim.competition2011.GraphSimulationAgent" agentcreationclass="massim.competition2011.GraphSimulationAgentParameter" team="blue">
					<configuration roleName="Inspector"/>
				</agent>
			</agents>
		</simulation>
	</match>
	<accounts><!--xml:base="file:/home/mko/Documents/massim-svn/massim/trunk/massim/scripts/conf/helpers/2011/accounts.xml"-->
		<actionclassmap name="Graph">
			<actionclass class="massim.competition2011.GraphSimulationAgentAction" id="action"/>
			<actionclass class="massim.framework.InvalidAction" id="invalid"/>
		</actionclassmap>
		<account actionclassmap="Graph" auxtimeout="500" defaultactionclass="massim.competition2011.GraphSimulationAgentAction" maxpacketlength="65536" password="1" team="A" timeout="2000" username="a1" xml:base="file:/home/mko/Documents/massim-svn/massim/trunk/massim/scripts/conf/helpers/2010/teamA.xml"/>
		<account actionclassmap="Graph" auxtimeout="500" defaultactionclass="massim.competition2011.GraphSimulationAgentAction" maxpacketlength="65536" password="1" team="A" timeout="2000" username="a2" xml:base="file:/home/mko/Documents/massim-svn/massim/trunk/massim/scripts/conf/helpers/2010/teamA.xml"/>
		<account actionclassmap="Graph" auxtimeout="500" defaultactionclass="massim.competition2011.GraphSimulationAgentAction" maxpacketlength="65536" password="1" team="A" timeout="2000" username="a3" xml:base="file:/home/mko/Documents/massim-svn/massim/trunk/massim/scripts/conf/helpers/2010/teamA.xml"/>
		<account actionclassmap="Graph" auxtimeout="500" defaultactionclass="massim.competition2011.GraphSimulationAgentAction" maxpacketlength="65536" password="1" team="A" timeout="2000" username="a4" xml:base="file:/home/mko/Documents/massim-svn/massim/trunk/massim/scripts/conf/helpers/2010/teamA.xml"/>
		<account actionclassmap="Graph" auxtimeout="500" defaultactionclass="massim.competition2011.GraphSimulationAgentAction" maxpacketlength="65536" password="1" team="A" timeout="2000" username="a5" xml:base="file:/home/mko/Documents/massim-svn/massim/trunk/massim/scripts/conf/helpers/2010/teamA.xml"/>
		<account actionclassmap="Graph" auxtimeout="500" defaultactionclass="massim.competition2011.GraphSimulationAgentAction" maxpacketlength="65536" password="1" team="A" timeout="2000" username="a6" xml:base="file:/home/mko/Documents/massim-svn/massim/trunk/massim/scripts/conf/helpers/2010/teamA.xml"/>
		<account actionclassmap="Graph" auxtimeout="500" defaultactionclass="massim.competition2011.GraphSimulationAgentAction" maxpacketlength="65536" password="1" team="A" timeout="2000" username="a7" xml:base="file:/home/mko/Documents/massim-svn/massim/trunk/massim/scripts/conf/helpers/2010/teamA.xml"/>
		<account actionclassmap="Graph" auxtimeout="500" defaultactionclass="massim.competition2011.GraphSimulationAgentAction" maxpacketlength="65536" password="1" team="A" timeout="2000" username="a8" xml:base="file:/home/mko/Documents/massim-svn/massim/trunk/massim/scripts/conf/helpers/2010/teamA.xml"/>
		<account actionclassmap="Graph" auxtimeout="500" defaultactionclass="massim.competition2011.GraphSimulationAgentAction" maxpacketlength="65536" password="1" team="A" timeout="2000" username="a9" xml:base="file:/home/mko/Documents/massim-svn/massim/trunk/massim/scripts/conf/helpers/2010/teamA.xml"/>
		<account actionclassmap="Graph" auxtimeout="500" defaultactionclass="massim.competition2011.GraphSimulationAgentAction" maxpacketlength="65536" password="1" team="A" timeout="2000" username="a10" xml:base="file:/home/mko/Documents/massim-svn/massim/trunk/massim/scripts/conf/helpers/2010/teamA.xml"/>

		<account actionclassmap="Graph" auxtimeout="500" defaultactionclass="massim.competition2011.GraphSimulationAgentAction" maxpacketlength="65536" password="1" team="B" timeout="2000" username="b1" xml:base="file:/home/mko/Documents/massim-svn/massim/trunk/massim/scripts/conf/helpers/2010/teamB.xml"/>
		<account actionclassmap="Graph" auxtimeout="500" defaultactionclass="massim.competition2011.GraphSimulationAgentAction" maxpacketlength="65536" password="1" team="B" timeout="2000" username="b2" xml:base="file:/home/mko/Documents/massim-svn/massim/trunk/massim/scripts/conf/helpers/2010/teamB.xml"/>
		<account actionclassmap="Graph" auxtimeout="500" defaultactionclass="massim.competition2011.GraphSimulationAgentAction" maxpacketlength="65536" password="1" team="B" timeout="2000" username="b3" xml:base="file:/home/mko/Documents/massim-svn/massim/trunk/massim/scripts/conf/helpers/2010/teamB.xml"/>
		<account actionclassmap="Graph" auxtimeout="500" defaultactionclass="massim.competition2011.GraphSimulationAgentAction" maxpacketlength="65536" password="1" team="B" timeout="2000" username="b4" xml:base="file:/home/mko/Documents/massim-svn/massim/trunk/massim/scripts/conf/helpers/2010/teamB.xml"/>
		<account actionclassmap="Graph" auxtimeout="500" defaultactionclass="massim.competition2011.GraphSimulationAgentAction" maxpacketlength="65536" password="1" team="B" timeout="2000" username="b5" xml:base="file:/home/mko/Documents/massim-svn/massim/trunk/massim/scripts/conf/helpers/2010/teamB.xml"/>
		<account actionclassmap="Graph" auxtimeout="500" defaultactionclass="massim.competition2011.GraphSimulationAgentAction" maxpacketlength="65536" password="1" team="B" timeout="2000" username="b6" xml:base="file:/home/mko/Documents/massim-svn/massim/trunk/massim/scripts/conf/helpers/2010/teamB.xml"/>
		<account actionclassmap="Graph" auxtimeout="500" defaultactionclass="massim.competition2011.GraphSimulationAgentAction" maxpacketlength="65536" password="1" team="B" timeout="2000" username="b7" xml:base="file:/home/mko/Documents/massim-svn/massim/trunk/massim/scripts/conf/helpers/2010/teamB.xml"/>
		<account actionclassmap="Graph" auxtimeout="500" defaultactionclass="massim.competition2011.GraphSimulationAgentAction" maxpacketlength="65536" password="1" team="B" timeout="2000" username="b8" xml:base="file:/home/mko/Documents/massim-svn/massim/trunk/massim/scripts/conf/helpers/2010/teamB.xml"/>
		<account actionclassmap="Graph" auxtimeout="500" defaultactionclass="massim.competition2011.GraphSimulationAgentAction" maxpacketlength="65536" password="1" team="B" timeout="2000" username="b9" xml:base="file:/home/mko/Documents/massim-svn/massim/trunk/massim/scripts/conf/helpers/2010/teamB.xml"/>
		<account actionclassmap="Graph" auxtimeout="500" defaultactionclass="massim.competition2011.GraphSimulationAgentAction" maxpacketlength="65536" password="1" team="B" timeout="2000" username="b10" xml:base="file:/home/mko/Documents/massim-svn/massim/trunk/massim/scripts/conf/helpers/2010/teamB.xml"/>
	</accounts>
</conf>
