<?xml version="1.0" encoding="UTF-8"?>
<!-- launch-sync-type = timer or key -->
<conf backuppath="backup" launch-sync-type="key" reportpath="." time-to-launch="10000" tournamentmode="0" tournamentname="GridSimulation">
<simulation-server backlog="10" port="12300"/>
<visualization flashport="1099" flashserver="" flashservice="WebServer-SPSInterface"/>
<match>

<simulation configurationclass="GridSimulationConfigurationHandCrafted" file-simulationlog="./log" id="demo2" rmiobserver="" rmixmlobserver="GridSimulationRMIXMLDocumentObserver" rmixmlobsserverhost="localhost" rmixmlobsserverport="1097" simulationclass="GridSimulation" visualisationobserver="" xmlobserver="" xmlobserverpath="." xmlstatisticsobserver="">

<configuration xmlns:meta="http://www.tu-clausthal.de/" agentSpeed="1" agentWeight="-200" cowAttractedWeight="10" cowPrivateField="2" cowScareWeight="-100" cowSight="5" cowSpeed="3" emptyWeight="3" epsilon="0.2" htaccess="1" lineOfSight="8" maxNumberOfSteps="1000" numberOfAgents="20" numberOfCows="406" numberOfFences="4" numberOfObstacles="692" obstacleWeight="-4" sizex="80" sizey="80" weight="0.3">

<array item0="11" item1="43" item10="37" item11="67" item12="37" item13="67" item14="37" item15="67" item16="37" item17="67" item18="37" item19="67" item2="11" item3="43" item4="11" item5="43" item6="11" item7="43" item8="11" item9="43" meta:length="20" meta:name="agentPositionX"/>
<array item0="5" item1="5" item10="65" item11="65" item12="67" item13="67" item14="69" item15="69" item16="71" item17="71" item18="73" item19="73" item2="7" item3="7" item4="9" item5="9" item6="11" item7="11" item8="13" item9="14" meta:length="20" meta:name="agentPositionY"/>
<array item0="59" item1="78" meta:length="2" meta:name="stable1X"/>
<array item0="1" item1="21" meta:length="2" meta:name="stable1Y"/>
<array item0="1" item1="21" meta:length="2" meta:name="stable2X"/>
<array item0="59" item1="78" meta:length="2" meta:name="stable2Y"/>
<array item0="0" item1="1" item10="10" item100="0" item101="79" item102="0" item103="79" item104="0" item105="79" item106="0" item107="79" item108="0" item109="79" item11="11" item110="0" item111="79" item112="0" item113="79" item114="0" item115="79" item116="0" item117="79" item118="0" item119="58" item12="12" item120="79" item121="0" item122="58" item123="79" item124="0" item125="58" item126="79" item127="0" item128="1" item129="2" item13="13" item130="3" item131="21" item132="22" item133="23" item134="24" item135="25" item136="26" item137="27" item138="28" item139="29" item14="14" item140="30" item141="31" item142="32" item143="33" item144="34" item145="35" item146="36" item147="37" item148="38" item149="39" item15="15" item150="40" item151="41" item152="42" item153="43" item154="44" item155="45" item156="46" item157="47" item158="48" item159="49" item16="16" item160="50" item161="51" item162="52" item163="53" item164="54" item165="55" item166="56" item167="57" item168="58" item169="59" item17="17" item170="60" item171="61" item172="62" item173="63" item174="64" item175="65" item176="66" item177="67" item178="68" item179="69" item18="18" item180="70" item181="71" item182="72" item183="73" item184="74" item185="75" item186="76" item187="77" item188="78" item189="79" item19="19" item190="0" item191="1" item192="2" item193="3" item194="21" item195="22" item196="23" item197="24" item198="25" item199="26" item2="2" item20="20" item200="27" item201="28" item202="29" item203="30" item204="31" item205="32" item206="33" item207="34" item208="35" item209="36" item21="21" item210="37" item211="38" item212="39" item213="40" item214="41" item215="42" item216="43" item217="44" item218="45" item219="46" item22="22" item220="47" item221="48" item222="49" item223="50" item224="51" item225="52" item226="53" item227="54" item228="55" item229="56" item23="23" item230="57" item231="58" item232="59" item233="60" item234="61" item235="62" item236="63" item237="64" item238="65" item239="66" item24="24" item240="67" item241="68" item242="69" item243="70" item244="71" item245="72" item246="73" item247="74" item248="75" item249="76" item25="25" item250="77" item251="78" item252="79" item253="0" item254="1" item255="2" item256="3" item257="21" item258="22" item259="23" item26="26" item260="24" item261="25" item262="26" item263="27" item264="28" item265="29" item266="30" item267="31" item268="32" item269="33" item27="27" item270="34" item271="35" item272="36" item273="37" item274="38" item275="39" item276="40" item277="41" item278="42" item279="43" item28="28" item280="44" item281="45" item282="46" item283="47" item284="48" item285="49" item286="50" item287="51" item288="52" item289="53" item29="29" item290="54" item291="55" item292="56" item293="57" item294="58" item295="59" item296="60" item297="61" item298="62" item299="63" item3="3" item30="30" item300="64" item301="65" item302="66" item303="67" item304="68" item305="69" item306="70" item307="71" item308="72" item309="73" item31="31" item310="74" item311="75" item312="76" item313="77" item314="78" item315="79" item316="0" item317="79" item318="0" item319="79" item32="32" item320="0" item321="79" item322="0" item323="79" item324="0" item325="79" item326="0" item327="79" item328="0" item329="79" item33="33" item330="0" item331="79" item332="0" item333="79" item334="0" item335="79" item336="0" item337="79" item338="0" item339="79" item34="34" item340="0" item341="79" item342="0" item343="79" item344="0" item345="79" item346="0" item347="79" item348="0" item349="79" item35="35" item350="0" item351="79" item352="0" item353="79" item354="0" item355="79" item356="0" item357="79" item358="0" item359="79" item36="36" item360="0" item361="79" item362="0" item363="79" item364="0" item365="79" item366="0" item367="79" item368="0" item369="79" item37="37" item370="0" item371="79" item372="0" item373="79" item374="0" item375="79" item376="0" item377="79" item378="0" item379="1" item38="38" item380="2" item381="3" item382="4" item383="5" item384="6" item385="7" item386="8" item387="9" item388="10" item389="11" item39="39" item390="12" item391="13" item392="14" item393="15" item394="16" item395="17" item396="18" item397="19" item398="20" item399="21" item4="4" item40="40" item400="22" item401="23" item402="24" item403="25" item404="26" item405="27" item406="28" item407="29" item408="30" item409="31" item41="41" item410="32" item411="33" item412="34" item413="35" item414="36" item415="37" item416="38" item417="39" item418="40" item419="41" item42="42" item420="42" item421="43" item422="44" item423="45" item424="46" item425="47" item426="48" item427="49" item428="50" item429="51" item43="43" item430="52" item431="53" item432="54" item433="55" item434="56" item435="57" item436="58" item437="76" item438="77" item439="78" item44="44" item440="79" item441="0" item442="1" item443="2" item444="3" item445="4" item446="5" item447="6" item448="7" item449="8" item45="45" item450="9" item451="10" item452="11" item453="12" item454="13" item455="14" item456="15" item457="16" item458="17" item459="18" item46="46" item460="19" item461="20" item462="21" item463="22" item464="23" item465="24" item466="25" item467="26" item468="27" item469="28" item47="47" item470="29" item471="30" item472="31" item473="32" item474="33" item475="34" item476="35" item477="36" item478="37" item479="38" item48="48" item480="39" item481="40" item482="41" item483="42" item484="43" item485="44" item486="45" item487="46" item488="47" item489="48" item49="49" item490="49" item491="50" item492="51" item493="52" item494="53" item495="54" item496="55" item497="56" item498="57" item499="58" item5="5" item50="50" item500="76" item501="77" item502="78" item503="79" item504="0" item505="1" item506="2" item507="3" item508="4" item509="5" item51="51" item510="6" item511="7" item512="8" item513="9" item514="10" item515="11" item516="12" item517="13" item518="14" item519="15" item52="52" item520="16" item521="17" item522="18" item523="19" item524="20" item525="21" item526="22" item527="23" item528="24" item529="25" item53="53" item530="26" item531="27" item532="28" item533="29" item534="30" item535="31" item536="32" item537="33" item538="34" item539="35" item54="54" item540="36" item541="37" item542="38" item543="39" item544="40" item545="41" item546="42" item547="43" item548="44" item549="45" item55="55" item550="46" item551="47" item552="48" item553="49" item554="50" item555="51" item556="52" item557="53" item558="54" item559="55" item56="56" item560="56" item561="57" item562="58" item563="76" item564="77" item565="78" item566="79" item567="0" item568="22" item569="79" item57="57" item570="0" item571="22" item572="79" item573="0" item574="22" item575="79" item576="0" item577="79" item578="0" item579="79" item58="58" item580="0" item581="79" item582="0" item583="79" item584="0" item585="79" item586="0" item587="79" item588="0" item589="79" item59="59" item590="0" item591="79" item592="0" item593="79" item594="0" item595="79" item596="0" item597="79" item598="0" item599="79" item6="6" item60="60" item600="0" item601="79" item602="0" item603="79" item604="0" item605="79" item606="0" item607="22" item608="79" item609="0" item61="61" item610="22" item611="79" item612="0" item613="1" item614="2" item615="3" item616="4" item617="5" item618="6" item619="7" item62="62" item620="8" item621="9" item622="10" item623="11" item624="12" item625="13" item626="14" item627="15" item628="16" item629="17" item63="63" item630="18" item631="19" item632="20" item633="21" item634="22" item635="23" item636="24" item637="25" item638="26" item639="27" item64="64" item640="28" item641="29" item642="30" item643="31" item644="32" item645="33" item646="34" item647="35" item648="36" item649="37" item65="65" item650="38" item651="39" item652="40" item653="41" item654="42" item655="43" item656="44" item657="45" item658="46" item659="47" item66="66" item660="48" item661="49" item662="50" item663="51" item664="52" item665="53" item666="54" item667="55" item668="56" item669="57" item67="67" item670="58" item671="59" item672="60" item673="61" item674="62" item675="63" item676="64" item677="65" item678="66" item679="67" item68="68" item680="68" item681="69" item682="70" item683="71" item684="72" item685="73" item686="74" item687="75" item688="76" item689="77" item69="69" item690="78" item691="79" item7="7" item70="70" item71="71" item72="72" item73="73" item74="74" item75="75" item76="76" item77="77" item78="78" item79="79" item8="8" item80="0" item81="58" item82="79" item83="0" item84="58" item85="79" item86="0" item87="79" item88="0" item89="79" item9="9" item90="0" item91="79" item92="0" item93="79" item94="0" item95="79" item96="0" item97="79" item98="0" item99="79" meta:length="692" meta:name="obstaclePositionX"/>
<array item0="0" item1="0" item10="0" item100="10" item101="10" item102="11" item103="11" item104="12" item105="12" item106="13" item107="13" item108="14" item109="14" item11="0" item110="15" item111="15" item112="16" item113="16" item114="17" item115="17" item116="18" item117="18" item118="19" item119="19" item12="0" item120="19" item121="20" item122="20" item123="20" item124="21" item125="21" item126="21" item127="22" item128="22" item129="22" item13="0" item130="22" item131="22" item132="22" item133="22" item134="22" item135="22" item136="22" item137="22" item138="22" item139="22" item14="0" item140="22" item141="22" item142="22" item143="22" item144="22" item145="22" item146="22" item147="22" item148="22" item149="22" item15="0" item150="22" item151="22" item152="22" item153="22" item154="22" item155="22" item156="22" item157="22" item158="22" item159="22" item16="0" item160="22" item161="22" item162="22" item163="22" item164="22" item165="22" item166="22" item167="22" item168="22" item169="22" item17="0" item170="22" item171="22" item172="22" item173="22" item174="22" item175="22" item176="22" item177="22" item178="22" item179="22" item18="0" item180="22" item181="22" item182="22" item183="22" item184="22" item185="22" item186="22" item187="22" item188="22" item189="22" item19="0" item190="23" item191="23" item192="23" item193="23" item194="23" item195="23" item196="23" item197="23" item198="23" item199="23" item2="0" item20="0" item200="23" item201="23" item202="23" item203="23" item204="23" item205="23" item206="23" item207="23" item208="23" item209="23" item21="0" item210="23" item211="23" item212="23" item213="23" item214="23" item215="23" item216="23" item217="23" item218="23" item219="23" item22="0" item220="23" item221="23" item222="23" item223="23" item224="23" item225="23" item226="23" item227="23" item228="23" item229="23" item23="0" item230="23" item231="23" item232="23" item233="23" item234="23" item235="23" item236="23" item237="23" item238="23" item239="23" item24="0" item240="23" item241="23" item242="23" item243="23" item244="23" item245="23" item246="23" item247="23" item248="23" item249="23" item25="0" item250="23" item251="23" item252="23" item253="24" item254="24" item255="24" item256="24" item257="24" item258="24" item259="24" item26="0" item260="24" item261="24" item262="24" item263="24" item264="24" item265="24" item266="24" item267="24" item268="24" item269="24" item27="0" item270="24" item271="24" item272="24" item273="24" item274="24" item275="24" item276="24" item277="24" item278="24" item279="24" item28="0" item280="24" item281="24" item282="24" item283="24" item284="24" item285="24" item286="24" item287="24" item288="24" item289="24" item29="0" item290="24" item291="24" item292="24" item293="24" item294="24" item295="24" item296="24" item297="24" item298="24" item299="24" item3="0" item30="0" item300="24" item301="24" item302="24" item303="24" item304="24" item305="24" item306="24" item307="24" item308="24" item309="24" item31="0" item310="24" item311="24" item312="24" item313="24" item314="24" item315="24" item316="25" item317="25" item318="26" item319="26" item32="0" item320="27" item321="27" item322="28" item323="28" item324="29" item325="29" item326="30" item327="30" item328="31" item329="31" item33="0" item330="32" item331="32" item332="33" item333="33" item334="34" item335="34" item336="35" item337="35" item338="36" item339="36" item34="0" item340="37" item341="37" item342="38" item343="38" item344="39" item345="39" item346="40" item347="40" item348="41" item349="41" item35="0" item350="42" item351="42" item352="43" item353="43" item354="44" item355="44" item356="45" item357="45" item358="46" item359="46" item36="0" item360="47" item361="47" item362="48" item363="48" item364="49" item365="49" item366="50" item367="50" item368="51" item369="51" item37="0" item370="52" item371="52" item372="53" item373="53" item374="54" item375="54" item376="55" item377="55" item378="56" item379="56" item38="0" item380="56" item381="56" item382="56" item383="56" item384="56" item385="56" item386="56" item387="56" item388="56" item389="56" item39="0" item390="56" item391="56" item392="56" item393="56" item394="56" item395="56" item396="56" item397="56" item398="56" item399="56" item4="0" item40="0" item400="56" item401="56" item402="56" item403="56" item404="56" item405="56" item406="56" item407="56" item408="56" item409="56" item41="0" item410="56" item411="56" item412="56" item413="56" item414="56" item415="56" item416="56" item417="56" item418="56" item419="56" item42="0" item420="56" item421="56" item422="56" item423="56" item424="56" item425="56" item426="56" item427="56" item428="56" item429="56" item43="0" item430="56" item431="56" item432="56" item433="56" item434="56" item435="56" item436="56" item437="56" item438="56" item439="56" item44="0" item440="56" item441="57" item442="57" item443="57" item444="57" item445="57" item446="57" item447="57" item448="57" item449="57" item45="0" item450="57" item451="57" item452="57" item453="57" item454="57" item455="57" item456="57" item457="57" item458="57" item459="57" item46="0" item460="57" item461="57" item462="57" item463="57" item464="57" item465="57" item466="57" item467="57" item468="57" item469="57" item47="0" item470="57" item471="57" item472="57" item473="57" item474="57" item475="57" item476="57" item477="57" item478="57" item479="57" item48="0" item480="57" item481="57" item482="57" item483="57" item484="57" item485="57" item486="57" item487="57" item488="57" item489="57" item49="0" item490="57" item491="57" item492="57" item493="57" item494="57" item495="57" item496="57" item497="57" item498="57" item499="57" item5="0" item50="0" item500="57" item501="57" item502="57" item503="57" item504="58" item505="58" item506="58" item507="58" item508="58" item509="58" item51="0" item510="58" item511="58" item512="58" item513="58" item514="58" item515="58" item516="58" item517="58" item518="58" item519="58" item52="0" item520="58" item521="58" item522="58" item523="58" item524="58" item525="58" item526="58" item527="58" item528="58" item529="58" item53="0" item530="58" item531="58" item532="58" item533="58" item534="58" item535="58" item536="58" item537="58" item538="58" item539="58" item54="0" item540="58" item541="58" item542="58" item543="58" item544="58" item545="58" item546="58" item547="58" item548="58" item549="58" item55="0" item550="58" item551="58" item552="58" item553="58" item554="58" item555="58" item556="58" item557="58" item558="58" item559="58" item56="0" item560="58" item561="58" item562="58" item563="58" item564="58" item565="58" item566="58" item567="59" item568="59" item569="59" item57="0" item570="60" item571="60" item572="60" item573="61" item574="61" item575="61" item576="62" item577="62" item578="63" item579="63" item58="0" item580="64" item581="64" item582="65" item583="65" item584="66" item585="66" item586="67" item587="67" item588="68" item589="68" item59="0" item590="69" item591="69" item592="70" item593="70" item594="71" item595="71" item596="72" item597="72" item598="73" item599="73" item6="0" item60="0" item600="74" item601="74" item602="75" item603="75" item604="76" item605="76" item606="77" item607="77" item608="77" item609="78" item61="0" item610="78" item611="78" item612="79" item613="79" item614="79" item615="79" item616="79" item617="79" item618="79" item619="79" item62="0" item620="79" item621="79" item622="79" item623="79" item624="79" item625="79" item626="79" item627="79" item628="79" item629="79" item63="0" item630="79" item631="79" item632="79" item633="79" item634="79" item635="79" item636="79" item637="79" item638="79" item639="79" item64="0" item640="79" item641="79" item642="79" item643="79" item644="79" item645="79" item646="79" item647="79" item648="79" item649="79" item65="0" item650="79" item651="79" item652="79" item653="79" item654="79" item655="79" item656="79" item657="79" item658="79" item659="79" item66="0" item660="79" item661="79" item662="79" item663="79" item664="79" item665="79" item666="79" item667="79" item668="79" item669="79" item67="0" item670="79" item671="79" item672="79" item673="79" item674="79" item675="79" item676="79" item677="79" item678="79" item679="79" item68="0" item680="79" item681="79" item682="79" item683="79" item684="79" item685="79" item686="79" item687="79" item688="79" item689="79" item69="0" item690="79" item691="79" item7="0" item70="0" item71="0" item72="0" item73="0" item74="0" item75="0" item76="0" item77="0" item78="0" item79="0" item8="0" item80="1" item81="1" item82="1" item83="2" item84="2" item85="2" item86="3" item87="3" item88="4" item89="4" item9="0" item90="5" item91="5" item92="6" item93="6" item94="7" item95="7" item96="8" item97="8" item98="9" item99="9" meta:length="692" meta:name="obstaclePositionY"/>
<array item0="30" item1="31" item10="33" item100="15" item101="36" item102="37" item103="38" item104="39" item105="40" item106="41" item107="42" item108="43" item109="64" item11="34" item110="65" item111="66" item112="67" item113="68" item114="69" item115="70" item116="71" item117="72" item118="73" item119="6" item12="35" item120="7" item121="8" item122="9" item123="10" item124="11" item125="12" item126="13" item127="14" item128="15" item129="36" item13="36" item130="37" item131="38" item132="39" item133="40" item134="41" item135="42" item136="43" item137="64" item138="65" item139="66" item14="30" item140="67" item141="68" item142="69" item143="70" item144="71" item145="72" item146="73" item147="6" item148="7" item149="14" item15="31" item150="15" item151="36" item152="37" item153="38" item154="39" item155="40" item156="41" item157="42" item158="43" item159="64" item16="32" item160="65" item161="72" item162="73" item163="6" item164="7" item165="14" item166="15" item167="36" item168="37" item169="38" item17="33" item170="39" item171="40" item172="41" item173="42" item174="43" item175="64" item176="65" item177="72" item178="73" item179="6" item18="34" item180="7" item181="14" item182="15" item183="36" item184="37" item185="38" item186="39" item187="40" item188="41" item189="42" item19="35" item190="43" item191="64" item192="65" item193="72" item194="73" item195="6" item196="7" item197="14" item198="15" item199="36" item2="32" item20="36" item200="37" item201="38" item202="39" item203="40" item204="41" item205="42" item206="43" item207="64" item208="65" item209="72" item21="30" item210="73" item211="6" item212="7" item213="14" item214="15" item215="36" item216="37" item217="38" item218="39" item219="40" item22="31" item220="41" item221="42" item222="43" item223="64" item224="65" item225="72" item226="73" item227="6" item228="7" item229="14" item23="32" item230="15" item231="36" item232="37" item233="38" item234="39" item235="40" item236="41" item237="42" item238="43" item239="64" item24="33" item240="65" item241="72" item242="73" item243="6" item244="7" item245="14" item246="15" item247="36" item248="37" item249="38" item25="34" item250="39" item251="40" item252="41" item253="42" item254="43" item255="64" item256="65" item257="72" item258="73" item259="6" item26="35" item260="7" item261="8" item262="9" item263="10" item264="11" item265="12" item266="13" item267="14" item268="15" item269="36" item27="36" item270="37" item271="38" item272="39" item273="40" item274="41" item275="42" item276="43" item277="64" item278="65" item279="66" item28="30" item280="67" item281="68" item282="69" item283="70" item284="71" item285="72" item286="73" item287="6" item288="7" item289="8" item29="31" item290="9" item291="10" item292="11" item293="12" item294="13" item295="14" item296="15" item297="36" item298="37" item299="38" item3="33" item30="32" item300="39" item301="40" item302="41" item303="42" item304="43" item305="64" item306="65" item307="66" item308="67" item309="68" item31="33" item310="69" item311="70" item312="71" item313="72" item314="73" item315="6" item316="7" item317="8" item318="9" item319="10" item32="34" item320="11" item321="12" item322="13" item323="14" item324="15" item325="36" item326="37" item327="38" item328="39" item329="40" item33="35" item330="41" item331="42" item332="43" item333="64" item334="65" item335="66" item336="67" item337="68" item338="69" item339="70" item34="36" item340="71" item341="72" item342="73" item343="44" item344="45" item345="46" item346="47" item347="48" item348="49" item349="50" item35="30" item350="44" item351="45" item352="46" item353="47" item354="48" item355="49" item356="50" item357="44" item358="45" item359="46" item36="31" item360="47" item361="48" item362="49" item363="50" item364="44" item365="45" item366="46" item367="47" item368="48" item369="49" item37="32" item370="50" item371="44" item372="45" item373="46" item374="47" item375="48" item376="49" item377="50" item378="44" item379="45" item38="33" item380="46" item381="47" item382="48" item383="49" item384="50" item385="44" item386="45" item387="46" item388="47" item389="48" item39="34" item390="49" item391="50" item392="44" item393="45" item394="46" item395="47" item396="48" item397="49" item398="50" item399="44" item4="34" item40="35" item400="45" item401="46" item402="47" item403="48" item404="49" item405="50" item41="36" item42="30" item43="31" item44="32" item45="33" item46="34" item47="35" item48="36" item49="30" item5="35" item50="31" item51="32" item52="33" item53="34" item54="35" item55="36" item56="30" item57="31" item58="32" item59="33" item6="36" item60="34" item61="35" item62="36" item63="6" item64="7" item65="8" item66="9" item67="10" item68="11" item69="12" item7="30" item70="13" item71="14" item72="15" item73="36" item74="37" item75="38" item76="39" item77="40" item78="41" item79="42" item8="31" item80="43" item81="64" item82="65" item83="66" item84="67" item85="68" item86="69" item87="70" item88="71" item89="72" item9="32" item90="73" item91="6" item92="7" item93="8" item94="9" item95="10" item96="11" item97="12" item98="13" item99="14" meta:length="406" meta:name="cowPositionX"/>
<array item0="6" item1="6" item10="7" item100="34" item101="34" item102="34" item103="34" item104="34" item105="34" item106="34" item107="34" item108="34" item109="34" item11="7" item110="34" item111="34" item112="34" item113="34" item114="34" item115="34" item116="34" item117="34" item118="34" item119="35" item12="7" item120="35" item121="35" item122="35" item123="35" item124="35" item125="35" item126="35" item127="35" item128="35" item129="35" item13="7" item130="35" item131="35" item132="35" item133="35" item134="35" item135="35" item136="35" item137="35" item138="35" item139="35" item14="8" item140="35" item141="35" item142="35" item143="35" item144="35" item145="35" item146="35" item147="36" item148="36" item149="36" item15="8" item150="36" item151="36" item152="36" item153="36" item154="36" item155="36" item156="36" item157="36" item158="36" item159="36" item16="8" item160="36" item161="36" item162="36" item163="37" item164="37" item165="37" item166="37" item167="37" item168="37" item169="37" item17="8" item170="37" item171="37" item172="37" item173="37" item174="37" item175="37" item176="37" item177="37" item178="37" item179="38" item18="8" item180="38" item181="38" item182="38" item183="38" item184="38" item185="38" item186="38" item187="38" item188="38" item189="38" item19="8" item190="38" item191="38" item192="38" item193="38" item194="38" item195="39" item196="39" item197="39" item198="39" item199="39" item2="6" item20="8" item200="39" item201="39" item202="39" item203="39" item204="39" item205="39" item206="39" item207="39" item208="39" item209="39" item21="9" item210="39" item211="40" item212="40" item213="40" item214="40" item215="40" item216="40" item217="40" item218="40" item219="40" item22="9" item220="40" item221="40" item222="40" item223="40" item224="40" item225="40" item226="40" item227="41" item228="41" item229="41" item23="9" item230="41" item231="41" item232="41" item233="41" item234="41" item235="41" item236="41" item237="41" item238="41" item239="41" item24="9" item240="41" item241="41" item242="41" item243="42" item244="42" item245="42" item246="42" item247="42" item248="42" item249="42" item25="9" item250="42" item251="42" item252="42" item253="42" item254="42" item255="42" item256="42" item257="42" item258="42" item259="43" item26="9" item260="43" item261="43" item262="43" item263="43" item264="43" item265="43" item266="43" item267="43" item268="43" item269="43" item27="9" item270="43" item271="43" item272="43" item273="43" item274="43" item275="43" item276="43" item277="43" item278="43" item279="43" item28="10" item280="43" item281="43" item282="43" item283="43" item284="43" item285="43" item286="43" item287="44" item288="44" item289="44" item29="10" item290="44" item291="44" item292="44" item293="44" item294="44" item295="44" item296="44" item297="44" item298="44" item299="44" item3="6" item30="10" item300="44" item301="44" item302="44" item303="44" item304="44" item305="44" item306="44" item307="44" item308="44" item309="44" item31="10" item310="44" item311="44" item312="44" item313="44" item314="44" item315="45" item316="45" item317="45" item318="45" item319="45" item32="10" item320="45" item321="45" item322="45" item323="45" item324="45" item325="45" item326="45" item327="45" item328="45" item329="45" item33="10" item330="45" item331="45" item332="45" item333="45" item334="45" item335="45" item336="45" item337="45" item338="45" item339="45" item34="10" item340="45" item341="45" item342="45" item343="65" item344="65" item345="65" item346="65" item347="65" item348="65" item349="65" item35="11" item350="66" item351="66" item352="66" item353="66" item354="66" item355="66" item356="66" item357="67" item358="67" item359="67" item36="11" item360="67" item361="67" item362="67" item363="67" item364="68" item365="68" item366="68" item367="68" item368="68" item369="68" item37="11" item370="68" item371="69" item372="69" item373="69" item374="69" item375="69" item376="69" item377="69" item378="70" item379="70" item38="11" item380="70" item381="70" item382="70" item383="70" item384="70" item385="71" item386="71" item387="71" item388="71" item389="71" item39="11" item390="71" item391="71" item392="72" item393="72" item394="72" item395="72" item396="72" item397="72" item398="72" item399="73" item4="6" item40="11" item400="73" item401="73" item402="73" item403="73" item404="73" item405="73" item41="11" item42="12" item43="12" item44="12" item45="12" item46="12" item47="12" item48="12" item49="13" item5="6" item50="13" item51="13" item52="13" item53="13" item54="13" item55="13" item56="14" item57="14" item58="14" item59="14" item6="6" item60="14" item61="14" item62="14" item63="33" item64="33" item65="33" item66="33" item67="33" item68="33" item69="33" item7="7" item70="33" item71="33" item72="33" item73="33" item74="33" item75="33" item76="33" item77="33" item78="33" item79="33" item8="7" item80="33" item81="33" item82="33" item83="33" item84="33" item85="33" item86="33" item87="33" item88="33" item89="33" item9="7" item90="33" item91="34" item92="34" item93="34" item94="34" item95="34" item96="34" item97="34" item98="34" item99="34" meta:length="406" meta:name="cowPositionY"/>
<array item0="58" item1="4" item2="75" item3="22" meta:length="4" meta:name="switchX"/>
<array item0="3" item1="23" item2="57" item3="76" meta:length="4" meta:name="switchY"/>
<array item0="15" item1="16" item2="16" item3="14" meta:length="4" meta:name="fenceLength"/>
<array item0="down" item1="right" item2="left" item3="up" meta:length="4" meta:name="fenceDirections"/>
</configuration>
<agents>

<agent agentclass="GridSimulationAgent" agentcreationclass="GridSimulationAgentParameter" team="red">
<configuration/>
</agent>
<agent agentclass="GridSimulationAgent" agentcreationclass="GridSimulationAgentParameter" team="red">
<configuration/>
</agent>
<agent agentclass="GridSimulationAgent" agentcreationclass="GridSimulationAgentParameter" team="red">
<configuration/>
</agent>
<agent agentclass="GridSimulationAgent" agentcreationclass="GridSimulationAgentParameter" team="red">
<configuration/>
</agent>
<agent agentclass="GridSimulationAgent" agentcreationclass="GridSimulationAgentParameter" team="red">
<configuration/>
</agent>
<agent agentclass="GridSimulationAgent" agentcreationclass="GridSimulationAgentParameter" team="red">
<configuration/>
</agent>
<agent agentclass="GridSimulationAgent" agentcreationclass="GridSimulationAgentParameter" team="red">
<configuration/>
</agent>
<agent agentclass="GridSimulationAgent" agentcreationclass="GridSimulationAgentParameter" team="red">
<configuration/>
</agent>
<agent agentclass="GridSimulationAgent" agentcreationclass="GridSimulationAgentParameter" team="red">
<configuration/>
</agent>
<agent agentclass="GridSimulationAgent" agentcreationclass="GridSimulationAgentParameter" team="red">
<configuration/>
</agent>
<agent agentclass="GridSimulationAgent" agentcreationclass="GridSimulationAgentParameter" team="blue">
<configuration/>
</agent>
<agent agentclass="GridSimulationAgent" agentcreationclass="GridSimulationAgentParameter" team="blue">
<configuration/>
</agent>
<agent agentclass="GridSimulationAgent" agentcreationclass="GridSimulationAgentParameter" team="blue">
<configuration/>
</agent>
<agent agentclass="GridSimulationAgent" agentcreationclass="GridSimulationAgentParameter" team="blue">
<configuration/>
</agent>
<agent agentclass="GridSimulationAgent" agentcreationclass="GridSimulationAgentParameter" team="blue">
<configuration/>
</agent>
<agent agentclass="GridSimulationAgent" agentcreationclass="GridSimulationAgentParameter" team="blue">
<configuration/>
</agent>
<agent agentclass="GridSimulationAgent" agentcreationclass="GridSimulationAgentParameter" team="blue">
<configuration/>
</agent>
<agent agentclass="GridSimulationAgent" agentcreationclass="GridSimulationAgentParameter" team="blue">
<configuration/>
</agent>
<agent agentclass="GridSimulationAgent" agentcreationclass="GridSimulationAgentParameter" team="blue">
<configuration/>
</agent>
<agent agentclass="GridSimulationAgent" agentcreationclass="GridSimulationAgentParameter" team="blue">
<configuration/>
</agent>
</agents>
</simulation>
</match>
<accounts>
<actionclassmap name="Grid">
<actionclass class="GridSimulationAgentAction" id="action"/>
<actionclass class="massim.InvalidAction" id="invalid"/>
</actionclassmap>

<account actionclassmap="Grid" auxtimeout="500" defaultactionclass="GridSimulationAgentAction" maxpacketlength="65536" password="1" team="A" timeout="4000" username="1"/>
<account actionclassmap="Grid" auxtimeout="500" defaultactionclass="GridSimulationAgentAction" maxpacketlength="65536" password="1" team="A" timeout="4000" username="2"/>
<account actionclassmap="Grid" auxtimeout="500" defaultactionclass="GridSimulationAgentAction" maxpacketlength="65536" password="1" team="A" timeout="4000" username="3"/>
<account actionclassmap="Grid" auxtimeout="500" defaultactionclass="GridSimulationAgentAction" maxpacketlength="65536" password="1" team="A" timeout="4000" username="4"/>
<account actionclassmap="Grid" auxtimeout="500" defaultactionclass="GridSimulationAgentAction" maxpacketlength="65536" password="1" team="A" timeout="4000" username="5"/>
<account actionclassmap="Grid" auxtimeout="500" defaultactionclass="GridSimulationAgentAction" maxpacketlength="65536" password="1" team="A" timeout="4000" username="6"/>
<account actionclassmap="Grid" auxtimeout="500" defaultactionclass="GridSimulationAgentAction" maxpacketlength="65536" password="1" team="A" timeout="4000" username="7"/>
<account actionclassmap="Grid" auxtimeout="500" defaultactionclass="GridSimulationAgentAction" maxpacketlength="65536" password="1" team="A" timeout="4000" username="8"/>
<account actionclassmap="Grid" auxtimeout="500" defaultactionclass="GridSimulationAgentAction" maxpacketlength="65536" password="1" team="A" timeout="4000" username="9"/>
<account actionclassmap="Grid" auxtimeout="500" defaultactionclass="GridSimulationAgentAction" maxpacketlength="65536" password="1" team="A" timeout="4000" username="10"/>
<account actionclassmap="Grid" auxtimeout="500" defaultactionclass="GridSimulationAgentAction" maxpacketlength="65536" password="1" team="B" timeout="4000" username="11"/>
<account actionclassmap="Grid" auxtimeout="500" defaultactionclass="GridSimulationAgentAction" maxpacketlength="65536" password="1" team="B" timeout="4000" username="12"/>
<account actionclassmap="Grid" auxtimeout="500" defaultactionclass="GridSimulationAgentAction" maxpacketlength="65536" password="1" team="B" timeout="4000" username="13"/>
<account actionclassmap="Grid" auxtimeout="500" defaultactionclass="GridSimulationAgentAction" maxpacketlength="65536" password="1" team="B" timeout="4000" username="14"/>
<account actionclassmap="Grid" auxtimeout="500" defaultactionclass="GridSimulationAgentAction" maxpacketlength="65536" password="1" team="B" timeout="4000" username="15"/>
<account actionclassmap="Grid" auxtimeout="500" defaultactionclass="GridSimulationAgentAction" maxpacketlength="65536" password="1" team="B" timeout="4000" username="16"/>
<account actionclassmap="Grid" auxtimeout="500" defaultactionclass="GridSimulationAgentAction" maxpacketlength="65536" password="1" team="B" timeout="4000" username="17"/>
<account actionclassmap="Grid" auxtimeout="500" defaultactionclass="GridSimulationAgentAction" maxpacketlength="65536" password="1" team="B" timeout="4000" username="18"/>
<account actionclassmap="Grid" auxtimeout="500" defaultactionclass="GridSimulationAgentAction" maxpacketlength="65536" password="1" team="B" timeout="4000" username="19"/>
<account actionclassmap="Grid" auxtimeout="500" defaultactionclass="GridSimulationAgentAction" maxpacketlength="65536" password="1" team="B" timeout="4000" username="20"/>
</accounts>
</conf>
