<?xml version="1.0" encoding="UTF-8"?>
<simulation>
<state number-of-agents="20" number-of-cows="406" number-of-fences="4" number-of-obstacles="692" number-of-steps="1000" simulation="GridSimulation_AB_demo2" sizex="80" sizey="80" step="1" team0-score="0" team1-score="0" teamname0="A" teamname1="B">
<agent name="1" number="0" posx="11" posy="5" score="0" team="A"/>
<agent name="2" number="1" posx="43" posy="5" score="0" team="A"/>
<agent name="3" number="2" posx="11" posy="7" score="0" team="A"/>
<agent name="4" number="3" posx="43" posy="7" score="0" team="A"/>
<agent name="5" number="4" posx="11" posy="9" score="0" team="A"/>
<agent name="6" number="5" posx="43" posy="9" score="0" team="A"/>
<agent name="7" number="6" posx="11" posy="11" score="0" team="A"/>
<agent name="8" number="7" posx="43" posy="11" score="0" team="A"/>
<agent name="9" number="8" posx="11" posy="13" score="0" team="A"/>
<agent name="10" number="9" posx="43" posy="14" score="0" team="A"/>
<agent name="11" number="10" posx="37" posy="65" score="0" team="B"/>
<agent name="12" number="11" posx="67" posy="65" score="0" team="B"/>
<agent name="13" number="12" posx="37" posy="67" score="0" team="B"/>
<agent name="14" number="13" posx="67" posy="67" score="0" team="B"/>
<agent name="15" number="14" posx="37" posy="69" score="0" team="B"/>
<agent name="16" number="15" posx="67" posy="69" score="0" team="B"/>
<agent name="17" number="16" posx="37" posy="71" score="0" team="B"/>
<agent name="18" number="17" posx="67" posy="71" score="0" team="B"/>
<agent name="19" number="18" posx="37" posy="73" score="0" team="B"/>
<agent name="20" number="19" posx="67" posy="73" score="0" team="B"/>
<switch direction="down" posx="58" posy="3"/>
<switch direction="right" posx="4" posy="23"/>
<switch direction="left" posx="75" posy="57"/>
<switch direction="up" posx="22" posy="76"/>
<tree posx="0" posy="0"/>
<tree posx="0" posy="1"/>
<tree posx="0" posy="2"/>
<tree posx="0" posy="3"/>
<tree posx="0" posy="4"/>
<tree posx="0" posy="5"/>
<tree posx="0" posy="6"/>
<tree posx="0" posy="7"/>
<tree posx="0" posy="8"/>
<tree posx="0" posy="9"/>
<tree posx="0" posy="10"/>
<tree posx="0" posy="11"/>
<tree posx="0" posy="12"/>
<tree posx="0" posy="13"/>
<tree posx="0" posy="14"/>
<tree posx="0" posy="15"/>
<tree posx="0" posy="16"/>
<tree posx="0" posy="17"/>
<tree posx="0" posy="18"/>
<tree posx="0" posy="19"/>
<tree posx="0" posy="20"/>
<tree posx="0" posy="21"/>
<tree posx="0" posy="22"/>
<tree posx="0" posy="23"/>
<tree posx="0" posy="24"/>
<tree posx="0" posy="25"/>
<tree posx="0" posy="26"/>
<tree posx="0" posy="27"/>
<tree posx="0" posy="28"/>
<tree posx="0" posy="29"/>
<tree posx="0" posy="30"/>
<tree posx="0" posy="31"/>
<tree posx="0" posy="32"/>
<tree posx="0" posy="33"/>
<tree posx="0" posy="34"/>
<tree posx="0" posy="35"/>
<tree posx="0" posy="36"/>
<tree posx="0" posy="37"/>
<tree posx="0" posy="38"/>
<tree posx="0" posy="39"/>
<tree posx="0" posy="40"/>
<tree posx="0" posy="41"/>
<tree posx="0" posy="42"/>
<tree posx="0" posy="43"/>
<tree posx="0" posy="44"/>
<tree posx="0" posy="45"/>
<tree posx="0" posy="46"/>
<tree posx="0" posy="47"/>
<tree posx="0" posy="48"/>
<tree posx="0" posy="49"/>
<tree posx="0" posy="50"/>
<tree posx="0" posy="51"/>
<tree posx="0" posy="52"/>
<tree posx="0" posy="53"/>
<tree posx="0" posy="54"/>
<tree posx="0" posy="55"/>
<tree posx="0" posy="56"/>
<tree posx="0" posy="57"/>
<tree posx="0" posy="58"/>
<tree posx="0" posy="59"/>
<tree posx="0" posy="60"/>
<tree posx="0" posy="61"/>
<tree posx="0" posy="62"/>
<tree posx="0" posy="63"/>
<tree posx="0" posy="64"/>
<tree posx="0" posy="65"/>
<tree posx="0" posy="66"/>
<tree posx="0" posy="67"/>
<tree posx="0" posy="68"/>
<tree posx="0" posy="69"/>
<tree posx="0" posy="70"/>
<tree posx="0" posy="71"/>
<tree posx="0" posy="72"/>
<tree posx="0" posy="73"/>
<tree posx="0" posy="74"/>
<tree posx="0" posy="75"/>
<tree posx="0" posy="76"/>
<tree posx="0" posy="77"/>
<tree posx="0" posy="78"/>
<tree posx="0" posy="79"/>
<tree posx="1" posy="0"/>
<tree posx="1" posy="22"/>
<tree posx="1" posy="23"/>
<tree posx="1" posy="24"/>
<tree posx="1" posy="56"/>
<tree posx="1" posy="57"/>
<tree posx="1" posy="58"/>
<stable2 posx="1" posy="59"/>
<stable2 posx="1" posy="60"/>
<stable2 posx="1" posy="61"/>
<stable2 posx="1" posy="62"/>
<stable2 posx="1" posy="63"/>
<stable2 posx="1" posy="64"/>
<stable2 posx="1" posy="65"/>
<stable2 posx="1" posy="66"/>
<stable2 posx="1" posy="67"/>
<stable2 posx="1" posy="68"/>
<stable2 posx="1" posy="69"/>
<stable2 posx="1" posy="70"/>
<stable2 posx="1" posy="71"/>
<stable2 posx="1" posy="72"/>
<stable2 posx="1" posy="73"/>
<stable2 posx="1" posy="74"/>
<stable2 posx="1" posy="75"/>
<stable2 posx="1" posy="76"/>
<stable2 posx="1" posy="77"/>
<stable2 posx="1" posy="78"/>
<tree posx="1" posy="79"/>
<tree posx="2" posy="0"/>
<tree posx="2" posy="22"/>
<tree posx="2" posy="23"/>
<tree posx="2" posy="24"/>
<tree posx="2" posy="56"/>
<tree posx="2" posy="57"/>
<tree posx="2" posy="58"/>
<stable2 posx="2" posy="59"/>
<stable2 posx="2" posy="60"/>
<stable2 posx="2" posy="61"/>
<stable2 posx="2" posy="62"/>
<stable2 posx="2" posy="63"/>
<stable2 posx="2" posy="64"/>
<stable2 posx="2" posy="65"/>
<stable2 posx="2" posy="66"/>
<stable2 posx="2" posy="67"/>
<stable2 posx="2" posy="68"/>
<stable2 posx="2" posy="69"/>
<stable2 posx="2" posy="70"/>
<stable2 posx="2" posy="71"/>
<stable2 posx="2" posy="72"/>
<stable2 posx="2" posy="73"/>
<stable2 posx="2" posy="74"/>
<stable2 posx="2" posy="75"/>
<stable2 posx="2" posy="76"/>
<stable2 posx="2" posy="77"/>
<stable2 posx="2" posy="78"/>
<tree posx="2" posy="79"/>
<tree posx="3" posy="0"/>
<tree posx="3" posy="22"/>
<tree posx="3" posy="23"/>
<tree posx="3" posy="24"/>
<tree posx="3" posy="56"/>
<tree posx="3" posy="57"/>
<tree posx="3" posy="58"/>
<stable2 posx="3" posy="59"/>
<stable2 posx="3" posy="60"/>
<stable2 posx="3" posy="61"/>
<stable2 posx="3" posy="62"/>
<stable2 posx="3" posy="63"/>
<stable2 posx="3" posy="64"/>
<stable2 posx="3" posy="65"/>
<stable2 posx="3" posy="66"/>
<stable2 posx="3" posy="67"/>
<stable2 posx="3" posy="68"/>
<stable2 posx="3" posy="69"/>
<stable2 posx="3" posy="70"/>
<stable2 posx="3" posy="71"/>
<stable2 posx="3" posy="72"/>
<stable2 posx="3" posy="73"/>
<stable2 posx="3" posy="74"/>
<stable2 posx="3" posy="75"/>
<stable2 posx="3" posy="76"/>
<stable2 posx="3" posy="77"/>
<stable2 posx="3" posy="78"/>
<tree posx="3" posy="79"/>
<tree posx="4" posy="0"/>
<tree posx="4" posy="56"/>
<tree posx="4" posy="57"/>
<tree posx="4" posy="58"/>
<stable2 posx="4" posy="59"/>
<stable2 posx="4" posy="60"/>
<stable2 posx="4" posy="61"/>
<stable2 posx="4" posy="62"/>
<stable2 posx="4" posy="63"/>
<stable2 posx="4" posy="64"/>
<stable2 posx="4" posy="65"/>
<stable2 posx="4" posy="66"/>
<stable2 posx="4" posy="67"/>
<stable2 posx="4" posy="68"/>
<stable2 posx="4" posy="69"/>
<stable2 posx="4" posy="70"/>
<stable2 posx="4" posy="71"/>
<stable2 posx="4" posy="72"/>
<stable2 posx="4" posy="73"/>
<stable2 posx="4" posy="74"/>
<stable2 posx="4" posy="75"/>
<stable2 posx="4" posy="76"/>
<stable2 posx="4" posy="77"/>
<stable2 posx="4" posy="78"/>
<tree posx="4" posy="79"/>
<tree posx="5" posy="0"/>
<fence posx="5" posy="23"/>
<cow posx="5" posy="35"/>
<cow posx="5" posy="36"/>
<cow posx="5" posy="37"/>
<cow posx="5" posy="42"/>
<tree posx="5" posy="56"/>
<tree posx="5" posy="57"/>
<tree posx="5" posy="58"/>
<stable2 posx="5" posy="59"/>
<stable2 posx="5" posy="60"/>
<stable2 posx="5" posy="61"/>
<stable2 posx="5" posy="62"/>
<stable2 posx="5" posy="63"/>
<stable2 posx="5" posy="64"/>
<stable2 posx="5" posy="65"/>
<stable2 posx="5" posy="66"/>
<stable2 posx="5" posy="67"/>
<stable2 posx="5" posy="68"/>
<stable2 posx="5" posy="69"/>
<stable2 posx="5" posy="70"/>
<stable2 posx="5" posy="71"/>
<stable2 posx="5" posy="72"/>
<stable2 posx="5" posy="73"/>
<stable2 posx="5" posy="74"/>
<stable2 posx="5" posy="75"/>
<stable2 posx="5" posy="76"/>
<stable2 posx="5" posy="77"/>
<stable2 posx="5" posy="78"/>
<tree posx="5" posy="79"/>
<tree posx="6" posy="0"/>
<fence posx="6" posy="23"/>
<cow posx="6" posy="33"/>
<cow posx="6" posy="35"/>
<cow posx="6" posy="38"/>
<cow posx="6" posy="39"/>
<cow posx="6" posy="40"/>
<cow posx="6" posy="42"/>
<cow posx="6" posy="43"/>
<cow posx="6" posy="44"/>
<cow posx="6" posy="45"/>
<tree posx="6" posy="56"/>
<tree posx="6" posy="57"/>
<tree posx="6" posy="58"/>
<stable2 posx="6" posy="59"/>
<stable2 posx="6" posy="60"/>
<stable2 posx="6" posy="61"/>
<stable2 posx="6" posy="62"/>
<stable2 posx="6" posy="63"/>
<stable2 posx="6" posy="64"/>
<stable2 posx="6" posy="65"/>
<stable2 posx="6" posy="66"/>
<stable2 posx="6" posy="67"/>
<stable2 posx="6" posy="68"/>
<stable2 posx="6" posy="69"/>
<stable2 posx="6" posy="70"/>
<stable2 posx="6" posy="71"/>
<stable2 posx="6" posy="72"/>
<stable2 posx="6" posy="73"/>
<stable2 posx="6" posy="74"/>
<stable2 posx="6" posy="75"/>
<stable2 posx="6" posy="76"/>
<stable2 posx="6" posy="77"/>
<stable2 posx="6" posy="78"/>
<tree posx="6" posy="79"/>
<tree posx="7" posy="0"/>
<fence posx="7" posy="23"/>
<cow posx="7" posy="34"/>
<cow posx="7" posy="35"/>
<cow posx="7" posy="36"/>
<cow posx="7" posy="37"/>
<cow posx="7" posy="38"/>
<cow posx="7" posy="39"/>
<cow posx="7" posy="40"/>
<cow posx="7" posy="41"/>
<cow posx="7" posy="43"/>
<cow posx="7" posy="44"/>
<cow posx="7" posy="45"/>
<tree posx="7" posy="56"/>
<tree posx="7" posy="57"/>
<tree posx="7" posy="58"/>
<stable2 posx="7" posy="59"/>
<stable2 posx="7" posy="60"/>
<stable2 posx="7" posy="61"/>
<stable2 posx="7" posy="62"/>
<stable2 posx="7" posy="63"/>
<stable2 posx="7" posy="64"/>
<stable2 posx="7" posy="65"/>
<stable2 posx="7" posy="66"/>
<stable2 posx="7" posy="67"/>
<stable2 posx="7" posy="68"/>
<stable2 posx="7" posy="69"/>
<stable2 posx="7" posy="70"/>
<stable2 posx="7" posy="71"/>
<stable2 posx="7" posy="72"/>
<stable2 posx="7" posy="73"/>
<stable2 posx="7" posy="74"/>
<stable2 posx="7" posy="75"/>
<stable2 posx="7" posy="76"/>
<stable2 posx="7" posy="77"/>
<stable2 posx="7" posy="78"/>
<tree posx="7" posy="79"/>
<tree posx="8" posy="0"/>
<fence posx="8" posy="23"/>
<cow posx="8" posy="32"/>
<cow posx="8" posy="33"/>
<cow posx="8" posy="34"/>
<cow posx="8" posy="35"/>
<cow posx="8" posy="41"/>
<cow posx="8" posy="43"/>
<cow posx="8" posy="44"/>
<cow posx="8" posy="45"/>
<tree posx="8" posy="56"/>
<tree posx="8" posy="57"/>
<tree posx="8" posy="58"/>
<stable2 posx="8" posy="59"/>
<stable2 posx="8" posy="60"/>
<stable2 posx="8" posy="61"/>
<stable2 posx="8" posy="62"/>
<stable2 posx="8" posy="63"/>
<stable2 posx="8" posy="64"/>
<stable2 posx="8" posy="65"/>
<stable2 posx="8" posy="66"/>
<stable2 posx="8" posy="67"/>
<stable2 posx="8" posy="68"/>
<stable2 posx="8" posy="69"/>
<stable2 posx="8" posy="70"/>
<stable2 posx="8" posy="71"/>
<stable2 posx="8" posy="72"/>
<stable2 posx="8" posy="73"/>
<stable2 posx="8" posy="74"/>
<stable2 posx="8" posy="75"/>
<stable2 posx="8" posy="76"/>
<stable2 posx="8" posy="77"/>
<stable2 posx="8" posy="78"/>
<tree posx="8" posy="79"/>
<tree posx="9" posy="0"/>
<fence posx="9" posy="23"/>
<cow posx="9" posy="33"/>
<cow posx="9" posy="34"/>
<cow posx="9" posy="35"/>
<cow posx="9" posy="44"/>
<cow posx="9" posy="45"/>
<tree posx="9" posy="56"/>
<tree posx="9" posy="57"/>
<tree posx="9" posy="58"/>
<stable2 posx="9" posy="59"/>
<stable2 posx="9" posy="60"/>
<stable2 posx="9" posy="61"/>
<stable2 posx="9" posy="62"/>
<stable2 posx="9" posy="63"/>
<stable2 posx="9" posy="64"/>
<stable2 posx="9" posy="65"/>
<stable2 posx="9" posy="66"/>
<stable2 posx="9" posy="67"/>
<stable2 posx="9" posy="68"/>
<stable2 posx="9" posy="69"/>
<stable2 posx="9" posy="70"/>
<stable2 posx="9" posy="71"/>
<stable2 posx="9" posy="72"/>
<stable2 posx="9" posy="73"/>
<stable2 posx="9" posy="74"/>
<stable2 posx="9" posy="75"/>
<stable2 posx="9" posy="76"/>
<stable2 posx="9" posy="77"/>
<stable2 posx="9" posy="78"/>
<tree posx="9" posy="79"/>
<tree posx="10" posy="0"/>
<fence posx="10" posy="23"/>
<cow posx="10" posy="32"/>
<cow posx="10" posy="33"/>
<cow posx="10" posy="34"/>
<cow posx="10" posy="35"/>
<cow posx="10" posy="42"/>
<cow posx="10" posy="43"/>
<cow posx="10" posy="44"/>
<cow posx="10" posy="45"/>
<tree posx="10" posy="56"/>
<tree posx="10" posy="57"/>
<tree posx="10" posy="58"/>
<stable2 posx="10" posy="59"/>
<stable2 posx="10" posy="60"/>
<stable2 posx="10" posy="61"/>
<stable2 posx="10" posy="62"/>
<stable2 posx="10" posy="63"/>
<stable2 posx="10" posy="64"/>
<stable2 posx="10" posy="65"/>
<stable2 posx="10" posy="66"/>
<stable2 posx="10" posy="67"/>
<stable2 posx="10" posy="68"/>
<stable2 posx="10" posy="69"/>
<stable2 posx="10" posy="70"/>
<stable2 posx="10" posy="71"/>
<stable2 posx="10" posy="72"/>
<stable2 posx="10" posy="73"/>
<stable2 posx="10" posy="74"/>
<stable2 posx="10" posy="75"/>
<stable2 posx="10" posy="76"/>
<stable2 posx="10" posy="77"/>
<stable2 posx="10" posy="78"/>
<tree posx="10" posy="79"/>
<tree posx="11" posy="0"/>
<fence posx="11" posy="23"/>
<cow posx="11" posy="32"/>
<cow posx="11" posy="34"/>
<cow posx="11" posy="35"/>
<cow posx="11" posy="36"/>
<cow posx="11" posy="42"/>
<cow posx="11" posy="43"/>
<cow posx="11" posy="44"/>
<cow posx="11" posy="45"/>
<cow posx="11" posy="46"/>
<tree posx="11" posy="56"/>
<tree posx="11" posy="57"/>
<tree posx="11" posy="58"/>
<stable2 posx="11" posy="59"/>
<stable2 posx="11" posy="60"/>
<stable2 posx="11" posy="61"/>
<stable2 posx="11" posy="62"/>
<stable2 posx="11" posy="63"/>
<stable2 posx="11" posy="64"/>
<stable2 posx="11" posy="65"/>
<stable2 posx="11" posy="66"/>
<stable2 posx="11" posy="67"/>
<stable2 posx="11" posy="68"/>
<stable2 posx="11" posy="69"/>
<stable2 posx="11" posy="70"/>
<stable2 posx="11" posy="71"/>
<stable2 posx="11" posy="72"/>
<stable2 posx="11" posy="73"/>
<stable2 posx="11" posy="74"/>
<stable2 posx="11" posy="75"/>
<stable2 posx="11" posy="76"/>
<stable2 posx="11" posy="77"/>
<stable2 posx="11" posy="78"/>
<tree posx="11" posy="79"/>
<tree posx="12" posy="0"/>
<fence posx="12" posy="23"/>
<cow posx="12" posy="34"/>
<cow posx="12" posy="44"/>
<tree posx="12" posy="56"/>
<tree posx="12" posy="57"/>
<tree posx="12" posy="58"/>
<stable2 posx="12" posy="59"/>
<stable2 posx="12" posy="60"/>
<stable2 posx="12" posy="61"/>
<stable2 posx="12" posy="62"/>
<stable2 posx="12" posy="63"/>
<stable2 posx="12" posy="64"/>
<stable2 posx="12" posy="65"/>
<stable2 posx="12" posy="66"/>
<stable2 posx="12" posy="67"/>
<stable2 posx="12" posy="68"/>
<stable2 posx="12" posy="69"/>
<stable2 posx="12" posy="70"/>
<stable2 posx="12" posy="71"/>
<stable2 posx="12" posy="72"/>
<stable2 posx="12" posy="73"/>
<stable2 posx="12" posy="74"/>
<stable2 posx="12" posy="75"/>
<stable2 posx="12" posy="76"/>
<stable2 posx="12" posy="77"/>
<stable2 posx="12" posy="78"/>
<tree posx="12" posy="79"/>
<tree posx="13" posy="0"/>
<fence posx="13" posy="23"/>
<cow posx="13" posy="32"/>
<cow posx="13" posy="33"/>
<cow posx="13" posy="34"/>
<cow posx="13" posy="35"/>
<cow posx="13" posy="37"/>
<cow posx="13" posy="41"/>
<cow posx="13" posy="43"/>
<cow posx="13" posy="44"/>
<cow posx="13" posy="45"/>
<cow posx="13" posy="46"/>
<tree posx="13" posy="56"/>
<tree posx="13" posy="57"/>
<tree posx="13" posy="58"/>
<stable2 posx="13" posy="59"/>
<stable2 posx="13" posy="60"/>
<stable2 posx="13" posy="61"/>
<stable2 posx="13" posy="62"/>
<stable2 posx="13" posy="63"/>
<stable2 posx="13" posy="64"/>
<stable2 posx="13" posy="65"/>
<stable2 posx="13" posy="66"/>
<stable2 posx="13" posy="67"/>
<stable2 posx="13" posy="68"/>
<stable2 posx="13" posy="69"/>
<stable2 posx="13" posy="70"/>
<stable2 posx="13" posy="71"/>
<stable2 posx="13" posy="72"/>
<stable2 posx="13" posy="73"/>
<stable2 posx="13" posy="74"/>
<stable2 posx="13" posy="75"/>
<stable2 posx="13" posy="76"/>
<stable2 posx="13" posy="77"/>
<stable2 posx="13" posy="78"/>
<tree posx="13" posy="79"/>
<tree posx="14" posy="0"/>
<fence posx="14" posy="23"/>
<cow posx="14" posy="34"/>
<cow posx="14" posy="35"/>
<cow posx="14" posy="37"/>
<cow posx="14" posy="38"/>
<cow posx="14" posy="39"/>
<cow posx="14" posy="41"/>
<cow posx="14" posy="42"/>
<cow posx="14" posy="43"/>
<cow posx="14" posy="44"/>
<tree posx="14" posy="56"/>
<tree posx="14" posy="57"/>
<tree posx="14" posy="58"/>
<stable2 posx="14" posy="59"/>
<stable2 posx="14" posy="60"/>
<stable2 posx="14" posy="61"/>
<stable2 posx="14" posy="62"/>
<stable2 posx="14" posy="63"/>
<stable2 posx="14" posy="64"/>
<stable2 posx="14" posy="65"/>
<stable2 posx="14" posy="66"/>
<stable2 posx="14" posy="67"/>
<stable2 posx="14" posy="68"/>
<stable2 posx="14" posy="69"/>
<stable2 posx="14" posy="70"/>
<stable2 posx="14" posy="71"/>
<stable2 posx="14" posy="72"/>
<stable2 posx="14" posy="73"/>
<stable2 posx="14" posy="74"/>
<stable2 posx="14" posy="75"/>
<stable2 posx="14" posy="76"/>
<stable2 posx="14" posy="77"/>
<stable2 posx="14" posy="78"/>
<tree posx="14" posy="79"/>
<tree posx="15" posy="0"/>
<fence posx="15" posy="23"/>
<cow posx="15" posy="33"/>
<cow posx="15" posy="35"/>
<cow posx="15" posy="37"/>
<cow posx="15" posy="38"/>
<cow posx="15" posy="39"/>
<cow posx="15" posy="40"/>
<cow posx="15" posy="41"/>
<cow posx="15" posy="42"/>
<cow posx="15" posy="45"/>
<tree posx="15" posy="56"/>
<tree posx="15" posy="57"/>
<tree posx="15" posy="58"/>
<stable2 posx="15" posy="59"/>
<stable2 posx="15" posy="60"/>
<stable2 posx="15" posy="61"/>
<stable2 posx="15" posy="62"/>
<stable2 posx="15" posy="63"/>
<stable2 posx="15" posy="64"/>
<stable2 posx="15" posy="65"/>
<stable2 posx="15" posy="66"/>
<stable2 posx="15" posy="67"/>
<stable2 posx="15" posy="68"/>
<stable2 posx="15" posy="69"/>
<stable2 posx="15" posy="70"/>
<stable2 posx="15" posy="71"/>
<stable2 posx="15" posy="72"/>
<stable2 posx="15" posy="73"/>
<stable2 posx="15" posy="74"/>
<stable2 posx="15" posy="75"/>
<stable2 posx="15" posy="76"/>
<stable2 posx="15" posy="77"/>
<stable2 posx="15" posy="78"/>
<tree posx="15" posy="79"/>
<tree posx="16" posy="0"/>
<fence posx="16" posy="23"/>
<cow posx="16" posy="35"/>
<cow posx="16" posy="37"/>
<cow posx="16" posy="42"/>
<cow posx="16" posy="43"/>
<tree posx="16" posy="56"/>
<tree posx="16" posy="57"/>
<tree posx="16" posy="58"/>
<stable2 posx="16" posy="59"/>
<stable2 posx="16" posy="60"/>
<stable2 posx="16" posy="61"/>
<stable2 posx="16" posy="62"/>
<stable2 posx="16" posy="63"/>
<stable2 posx="16" posy="64"/>
<stable2 posx="16" posy="65"/>
<stable2 posx="16" posy="66"/>
<stable2 posx="16" posy="67"/>
<stable2 posx="16" posy="68"/>
<stable2 posx="16" posy="69"/>
<stable2 posx="16" posy="70"/>
<stable2 posx="16" posy="71"/>
<stable2 posx="16" posy="72"/>
<stable2 posx="16" posy="73"/>
<stable2 posx="16" posy="74"/>
<stable2 posx="16" posy="75"/>
<stable2 posx="16" posy="76"/>
<stable2 posx="16" posy="77"/>
<stable2 posx="16" posy="78"/>
<tree posx="16" posy="79"/>
<tree posx="17" posy="0"/>
<fence posx="17" posy="23"/>
<tree posx="17" posy="56"/>
<tree posx="17" posy="57"/>
<tree posx="17" posy="58"/>
<stable2 posx="17" posy="59"/>
<stable2 posx="17" posy="60"/>
<stable2 posx="17" posy="61"/>
<stable2 posx="17" posy="62"/>
<stable2 posx="17" posy="63"/>
<stable2 posx="17" posy="64"/>
<stable2 posx="17" posy="65"/>
<stable2 posx="17" posy="66"/>
<stable2 posx="17" posy="67"/>
<stable2 posx="17" posy="68"/>
<stable2 posx="17" posy="69"/>
<stable2 posx="17" posy="70"/>
<stable2 posx="17" posy="71"/>
<stable2 posx="17" posy="72"/>
<stable2 posx="17" posy="73"/>
<stable2 posx="17" posy="74"/>
<stable2 posx="17" posy="75"/>
<stable2 posx="17" posy="76"/>
<stable2 posx="17" posy="77"/>
<stable2 posx="17" posy="78"/>
<tree posx="17" posy="79"/>
<tree posx="18" posy="0"/>
<fence posx="18" posy="23"/>
<tree posx="18" posy="56"/>
<tree posx="18" posy="57"/>
<tree posx="18" posy="58"/>
<stable2 posx="18" posy="59"/>
<stable2 posx="18" posy="60"/>
<stable2 posx="18" posy="61"/>
<stable2 posx="18" posy="62"/>
<stable2 posx="18" posy="63"/>
<stable2 posx="18" posy="64"/>
<stable2 posx="18" posy="65"/>
<stable2 posx="18" posy="66"/>
<stable2 posx="18" posy="67"/>
<stable2 posx="18" posy="68"/>
<stable2 posx="18" posy="69"/>
<stable2 posx="18" posy="70"/>
<stable2 posx="18" posy="71"/>
<stable2 posx="18" posy="72"/>
<stable2 posx="18" posy="73"/>
<stable2 posx="18" posy="74"/>
<stable2 posx="18" posy="75"/>
<stable2 posx="18" posy="76"/>
<stable2 posx="18" posy="77"/>
<stable2 posx="18" posy="78"/>
<tree posx="18" posy="79"/>
<tree posx="19" posy="0"/>
<fence posx="19" posy="23"/>
<tree posx="19" posy="56"/>
<tree posx="19" posy="57"/>
<tree posx="19" posy="58"/>
<stable2 posx="19" posy="59"/>
<stable2 posx="19" posy="60"/>
<stable2 posx="19" posy="61"/>
<stable2 posx="19" posy="62"/>
<stable2 posx="19" posy="63"/>
<stable2 posx="19" posy="64"/>
<stable2 posx="19" posy="65"/>
<stable2 posx="19" posy="66"/>
<stable2 posx="19" posy="67"/>
<stable2 posx="19" posy="68"/>
<stable2 posx="19" posy="69"/>
<stable2 posx="19" posy="70"/>
<stable2 posx="19" posy="71"/>
<stable2 posx="19" posy="72"/>
<stable2 posx="19" posy="73"/>
<stable2 posx="19" posy="74"/>
<stable2 posx="19" posy="75"/>
<stable2 posx="19" posy="76"/>
<stable2 posx="19" posy="77"/>
<stable2 posx="19" posy="78"/>
<tree posx="19" posy="79"/>
<tree posx="20" posy="0"/>
<fence posx="20" posy="23"/>
<tree posx="20" posy="56"/>
<tree posx="20" posy="57"/>
<tree posx="20" posy="58"/>
<stable2 posx="20" posy="59"/>
<stable2 posx="20" posy="60"/>
<stable2 posx="20" posy="61"/>
<stable2 posx="20" posy="62"/>
<stable2 posx="20" posy="63"/>
<stable2 posx="20" posy="64"/>
<stable2 posx="20" posy="65"/>
<stable2 posx="20" posy="66"/>
<stable2 posx="20" posy="67"/>
<stable2 posx="20" posy="68"/>
<stable2 posx="20" posy="69"/>
<stable2 posx="20" posy="70"/>
<stable2 posx="20" posy="71"/>
<stable2 posx="20" posy="72"/>
<stable2 posx="20" posy="73"/>
<stable2 posx="20" posy="74"/>
<stable2 posx="20" posy="75"/>
<stable2 posx="20" posy="76"/>
<stable2 posx="20" posy="77"/>
<stable2 posx="20" posy="78"/>
<tree posx="20" posy="79"/>
<tree posx="21" posy="0"/>
<tree posx="21" posy="22"/>
<tree posx="21" posy="23"/>
<tree posx="21" posy="24"/>
<tree posx="21" posy="56"/>
<tree posx="21" posy="57"/>
<tree posx="21" posy="58"/>
<stable2 posx="21" posy="59"/>
<stable2 posx="21" posy="60"/>
<stable2 posx="21" posy="61"/>
<stable2 posx="21" posy="62"/>
<stable2 posx="21" posy="63"/>
<stable2 posx="21" posy="64"/>
<stable2 posx="21" posy="65"/>
<stable2 posx="21" posy="66"/>
<stable2 posx="21" posy="67"/>
<stable2 posx="21" posy="68"/>
<stable2 posx="21" posy="69"/>
<stable2 posx="21" posy="70"/>
<stable2 posx="21" posy="71"/>
<stable2 posx="21" posy="72"/>
<stable2 posx="21" posy="73"/>
<stable2 posx="21" posy="74"/>
<stable2 posx="21" posy="75"/>
<stable2 posx="21" posy="76"/>
<stable2 posx="21" posy="77"/>
<stable2 posx="21" posy="78"/>
<tree posx="21" posy="79"/>
<tree posx="22" posy="0"/>
<tree posx="22" posy="22"/>
<tree posx="22" posy="23"/>
<tree posx="22" posy="24"/>
<tree posx="22" posy="56"/>
<tree posx="22" posy="57"/>
<tree posx="22" posy="58"/>
<tree posx="22" posy="59"/>
<tree posx="22" posy="60"/>
<tree posx="22" posy="61"/>
<fence posx="22" posy="62"/>
<fence posx="22" posy="63"/>
<fence posx="22" posy="64"/>
<fence posx="22" posy="65"/>
<fence posx="22" posy="66"/>
<fence posx="22" posy="67"/>
<fence posx="22" posy="68"/>
<fence posx="22" posy="69"/>
<fence posx="22" posy="70"/>
<fence posx="22" posy="71"/>
<fence posx="22" posy="72"/>
<fence posx="22" posy="73"/>
<fence posx="22" posy="74"/>
<fence posx="22" posy="75"/>
<tree posx="22" posy="77"/>
<tree posx="22" posy="78"/>
<tree posx="22" posy="79"/>
<tree posx="23" posy="0"/>
<tree posx="23" posy="22"/>
<tree posx="23" posy="23"/>
<tree posx="23" posy="24"/>
<tree posx="23" posy="56"/>
<tree posx="23" posy="57"/>
<tree posx="23" posy="58"/>
<tree posx="23" posy="79"/>
<tree posx="24" posy="0"/>
<tree posx="24" posy="22"/>
<tree posx="24" posy="23"/>
<tree posx="24" posy="24"/>
<tree posx="24" posy="56"/>
<tree posx="24" posy="57"/>
<tree posx="24" posy="58"/>
<tree posx="24" posy="79"/>
<tree posx="25" posy="0"/>
<tree posx="25" posy="22"/>
<tree posx="25" posy="23"/>
<tree posx="25" posy="24"/>
<tree posx="25" posy="56"/>
<tree posx="25" posy="57"/>
<tree posx="25" posy="58"/>
<tree posx="25" posy="79"/>
<tree posx="26" posy="0"/>
<tree posx="26" posy="22"/>
<tree posx="26" posy="23"/>
<tree posx="26" posy="24"/>
<tree posx="26" posy="56"/>
<tree posx="26" posy="57"/>
<tree posx="26" posy="58"/>
<tree posx="26" posy="79"/>
<tree posx="27" posy="0"/>
<tree posx="27" posy="22"/>
<tree posx="27" posy="23"/>
<tree posx="27" posy="24"/>
<tree posx="27" posy="56"/>
<tree posx="27" posy="57"/>
<tree posx="27" posy="58"/>
<tree posx="27" posy="79"/>
<tree posx="28" posy="0"/>
<tree posx="28" posy="22"/>
<tree posx="28" posy="23"/>
<tree posx="28" posy="24"/>
<tree posx="28" posy="56"/>
<tree posx="28" posy="57"/>
<tree posx="28" posy="58"/>
<tree posx="28" posy="79"/>
<tree posx="29" posy="0"/>
<cow posx="29" posy="8"/>
<cow posx="29" posy="9"/>
<cow posx="29" posy="11"/>
<tree posx="29" posy="22"/>
<tree posx="29" posy="23"/>
<tree posx="29" posy="24"/>
<tree posx="29" posy="56"/>
<tree posx="29" posy="57"/>
<tree posx="29" posy="58"/>
<tree posx="29" posy="79"/>
<tree posx="30" posy="0"/>
<cow posx="30" posy="6"/>
<cow posx="30" posy="9"/>
<cow posx="30" posy="10"/>
<cow posx="30" posy="11"/>
<cow posx="30" posy="13"/>
<cow posx="30" posy="14"/>
<tree posx="30" posy="22"/>
<tree posx="30" posy="23"/>
<tree posx="30" posy="24"/>
<tree posx="30" posy="56"/>
<tree posx="30" posy="57"/>
<tree posx="30" posy="58"/>
<tree posx="30" posy="79"/>
<tree posx="31" posy="0"/>
<cow posx="31" posy="6"/>
<cow posx="31" posy="7"/>
<cow posx="31" posy="8"/>
<cow posx="31" posy="9"/>
<cow posx="31" posy="10"/>
<cow posx="31" posy="11"/>
<cow posx="31" posy="12"/>
<cow posx="31" posy="13"/>
<tree posx="31" posy="22"/>
<tree posx="31" posy="23"/>
<tree posx="31" posy="24"/>
<tree posx="31" posy="56"/>
<tree posx="31" posy="57"/>
<tree posx="31" posy="58"/>
<tree posx="31" posy="79"/>
<tree posx="32" posy="0"/>
<cow posx="32" posy="6"/>
<cow posx="32" posy="7"/>
<cow posx="32" posy="8"/>
<cow posx="32" posy="9"/>
<cow posx="32" posy="10"/>
<cow posx="32" posy="11"/>
<cow posx="32" posy="12"/>
<cow posx="32" posy="13"/>
<cow posx="32" posy="14"/>
<cow posx="32" posy="15"/>
<tree posx="32" posy="22"/>
<tree posx="32" posy="23"/>
<tree posx="32" posy="24"/>
<tree posx="32" posy="56"/>
<tree posx="32" posy="57"/>
<tree posx="32" posy="58"/>
<tree posx="32" posy="79"/>
<tree posx="33" posy="0"/>
<cow posx="33" posy="5"/>
<cow posx="33" posy="7"/>
<cow posx="33" posy="8"/>
<cow posx="33" posy="9"/>
<cow posx="33" posy="10"/>
<cow posx="33" posy="11"/>
<cow posx="33" posy="12"/>
<cow posx="33" posy="13"/>
<cow posx="33" posy="14"/>
<cow posx="33" posy="15"/>
<tree posx="33" posy="22"/>
<tree posx="33" posy="23"/>
<tree posx="33" posy="24"/>
<tree posx="33" posy="56"/>
<tree posx="33" posy="57"/>
<tree posx="33" posy="58"/>
<tree posx="33" posy="79"/>
<tree posx="34" posy="0"/>
<cow posx="34" posy="5"/>
<cow posx="34" posy="7"/>
<cow posx="34" posy="8"/>
<cow posx="34" posy="9"/>
<cow posx="34" posy="10"/>
<cow posx="34" posy="11"/>
<cow posx="34" posy="12"/>
<cow posx="34" posy="13"/>
<cow posx="34" posy="15"/>
<tree posx="34" posy="22"/>
<tree posx="34" posy="23"/>
<tree posx="34" posy="24"/>
<tree posx="34" posy="56"/>
<tree posx="34" posy="57"/>
<tree posx="34" posy="58"/>
<tree posx="34" posy="79"/>
<tree posx="35" posy="0"/>
<cow posx="35" posy="6"/>
<cow posx="35" posy="7"/>
<cow posx="35" posy="8"/>
<cow posx="35" posy="9"/>
<cow posx="35" posy="10"/>
<cow posx="35" posy="11"/>
<cow posx="35" posy="12"/>
<cow posx="35" posy="13"/>
<tree posx="35" posy="22"/>
<tree posx="35" posy="23"/>
<tree posx="35" posy="24"/>
<cow posx="35" posy="32"/>
<cow posx="35" posy="35"/>
<cow posx="35" posy="36"/>
<cow posx="35" posy="38"/>
<cow posx="35" posy="41"/>
<cow posx="35" posy="43"/>
<tree posx="35" posy="56"/>
<tree posx="35" posy="57"/>
<tree posx="35" posy="58"/>
<tree posx="35" posy="79"/>
<tree posx="36" posy="0"/>
<cow posx="36" posy="7"/>
<cow posx="36" posy="8"/>
<cow posx="36" posy="9"/>
<cow posx="36" posy="11"/>
<cow posx="36" posy="12"/>
<cow posx="36" posy="13"/>
<tree posx="36" posy="22"/>
<tree posx="36" posy="23"/>
<tree posx="36" posy="24"/>
<cow posx="36" posy="36"/>
<cow posx="36" posy="38"/>
<cow posx="36" posy="39"/>
<cow posx="36" posy="40"/>
<cow posx="36" posy="41"/>
<cow posx="36" posy="43"/>
<cow posx="36" posy="45"/>
<tree posx="36" posy="56"/>
<tree posx="36" posy="57"/>
<tree posx="36" posy="58"/>
<tree posx="36" posy="79"/>
<tree posx="37" posy="0"/>
<cow posx="37" posy="5"/>
<cow posx="37" posy="11"/>
<cow posx="37" posy="15"/>
<tree posx="37" posy="22"/>
<tree posx="37" posy="23"/>
<tree posx="37" posy="24"/>
<cow posx="37" posy="33"/>
<cow posx="37" posy="34"/>
<cow posx="37" posy="35"/>
<cow posx="37" posy="36"/>
<cow posx="37" posy="37"/>
<cow posx="37" posy="38"/>
<cow posx="37" posy="39"/>
<cow posx="37" posy="40"/>
<cow posx="37" posy="41"/>
<cow posx="37" posy="42"/>
<cow posx="37" posy="43"/>
<cow posx="37" posy="44"/>
<tree posx="37" posy="56"/>
<tree posx="37" posy="57"/>
<tree posx="37" posy="58"/>
<tree posx="37" posy="79"/>
<tree posx="38" posy="0"/>
<tree posx="38" posy="22"/>
<tree posx="38" posy="23"/>
<tree posx="38" posy="24"/>
<cow posx="38" posy="33"/>
<cow posx="38" posy="34"/>
<cow posx="38" posy="35"/>
<cow posx="38" posy="36"/>
<cow posx="38" posy="37"/>
<cow posx="38" posy="38"/>
<cow posx="38" posy="39"/>
<cow posx="38" posy="40"/>
<cow posx="38" posy="41"/>
<cow posx="38" posy="42"/>
<cow posx="38" posy="43"/>
<cow posx="38" posy="44"/>
<cow posx="38" posy="45"/>
<cow posx="38" posy="46"/>
<tree posx="38" posy="56"/>
<tree posx="38" posy="57"/>
<tree posx="38" posy="58"/>
<tree posx="38" posy="79"/>
<tree posx="39" posy="0"/>
<tree posx="39" posy="22"/>
<tree posx="39" posy="23"/>
<tree posx="39" posy="24"/>
<cow posx="39" posy="33"/>
<cow posx="39" posy="34"/>
<cow posx="39" posy="35"/>
<cow posx="39" posy="36"/>
<cow posx="39" posy="37"/>
<cow posx="39" posy="38"/>
<cow posx="39" posy="39"/>
<cow posx="39" posy="40"/>
<cow posx="39" posy="41"/>
<cow posx="39" posy="42"/>
<cow posx="39" posy="43"/>
<cow posx="39" posy="44"/>
<cow posx="39" posy="45"/>
<tree posx="39" posy="56"/>
<tree posx="39" posy="57"/>
<tree posx="39" posy="58"/>
<tree posx="39" posy="79"/>
<tree posx="40" posy="0"/>
<tree posx="40" posy="22"/>
<tree posx="40" posy="23"/>
<tree posx="40" posy="24"/>
<cow posx="40" posy="33"/>
<cow posx="40" posy="34"/>
<cow posx="40" posy="35"/>
<cow posx="40" posy="36"/>
<cow posx="40" posy="37"/>
<cow posx="40" posy="38"/>
<cow posx="40" posy="39"/>
<cow posx="40" posy="40"/>
<cow posx="40" posy="41"/>
<cow posx="40" posy="42"/>
<cow posx="40" posy="43"/>
<cow posx="40" posy="44"/>
<cow posx="40" posy="45"/>
<tree posx="40" posy="56"/>
<tree posx="40" posy="57"/>
<tree posx="40" posy="58"/>
<tree posx="40" posy="79"/>
<tree posx="41" posy="0"/>
<tree posx="41" posy="22"/>
<tree posx="41" posy="23"/>
<tree posx="41" posy="24"/>
<cow posx="41" posy="32"/>
<cow posx="41" posy="33"/>
<cow posx="41" posy="34"/>
<cow posx="41" posy="35"/>
<cow posx="41" posy="36"/>
<cow posx="41" posy="37"/>
<cow posx="41" posy="38"/>
<cow posx="41" posy="39"/>
<cow posx="41" posy="40"/>
<cow posx="41" posy="41"/>
<cow posx="41" posy="42"/>
<cow posx="41" posy="43"/>
<cow posx="41" posy="44"/>
<cow posx="41" posy="45"/>
<cow posx="41" posy="46"/>
<tree posx="41" posy="56"/>
<tree posx="41" posy="57"/>
<tree posx="41" posy="58"/>
<tree posx="41" posy="79"/>
<tree posx="42" posy="0"/>
<tree posx="42" posy="22"/>
<tree posx="42" posy="23"/>
<tree posx="42" posy="24"/>
<cow posx="42" posy="34"/>
<cow posx="42" posy="35"/>
<cow posx="42" posy="36"/>
<cow posx="42" posy="37"/>
<cow posx="42" posy="38"/>
<cow posx="42" posy="39"/>
<cow posx="42" posy="40"/>
<cow posx="42" posy="41"/>
<cow posx="42" posy="42"/>
<cow posx="42" posy="43"/>
<cow posx="42" posy="44"/>
<tree posx="42" posy="56"/>
<tree posx="42" posy="57"/>
<tree posx="42" posy="58"/>
<tree posx="42" posy="79"/>
<tree posx="43" posy="0"/>
<tree posx="43" posy="22"/>
<tree posx="43" posy="23"/>
<tree posx="43" posy="24"/>
<cow posx="43" posy="33"/>
<cow posx="43" posy="35"/>
<cow posx="43" posy="37"/>
<cow posx="43" posy="38"/>
<cow posx="43" posy="39"/>
<cow posx="43" posy="40"/>
<cow posx="43" posy="43"/>
<tree posx="43" posy="56"/>
<tree posx="43" posy="57"/>
<tree posx="43" posy="58"/>
<cow posx="43" posy="70"/>
<cow posx="43" posy="71"/>
<cow posx="43" posy="74"/>
<tree posx="43" posy="79"/>
<tree posx="44" posy="0"/>
<tree posx="44" posy="22"/>
<tree posx="44" posy="23"/>
<tree posx="44" posy="24"/>
<cow posx="44" posy="35"/>
<cow posx="44" posy="37"/>
<cow posx="44" posy="40"/>
<cow posx="44" posy="41"/>
<cow posx="44" posy="43"/>
<cow posx="44" posy="46"/>
<tree posx="44" posy="56"/>
<tree posx="44" posy="57"/>
<tree posx="44" posy="58"/>
<cow posx="44" posy="65"/>
<cow posx="44" posy="66"/>
<cow posx="44" posy="67"/>
<cow posx="44" posy="68"/>
<cow posx="44" posy="69"/>
<cow posx="44" posy="70"/>
<tree posx="44" posy="79"/>
<tree posx="45" posy="0"/>
<tree posx="45" posy="22"/>
<tree posx="45" posy="23"/>
<tree posx="45" posy="24"/>
<tree posx="45" posy="56"/>
<tree posx="45" posy="57"/>
<tree posx="45" posy="58"/>
<cow posx="45" posy="65"/>
<cow posx="45" posy="66"/>
<cow posx="45" posy="67"/>
<cow posx="45" posy="68"/>
<cow posx="45" posy="69"/>
<cow posx="45" posy="70"/>
<cow posx="45" posy="71"/>
<cow posx="45" posy="72"/>
<cow posx="45" posy="73"/>
<tree posx="45" posy="79"/>
<tree posx="46" posy="0"/>
<tree posx="46" posy="22"/>
<tree posx="46" posy="23"/>
<tree posx="46" posy="24"/>
<tree posx="46" posy="56"/>
<tree posx="46" posy="57"/>
<tree posx="46" posy="58"/>
<cow posx="46" posy="66"/>
<cow posx="46" posy="67"/>
<cow posx="46" posy="68"/>
<cow posx="46" posy="69"/>
<cow posx="46" posy="70"/>
<cow posx="46" posy="71"/>
<cow posx="46" posy="72"/>
<tree posx="46" posy="79"/>
<tree posx="47" posy="0"/>
<tree posx="47" posy="22"/>
<tree posx="47" posy="23"/>
<tree posx="47" posy="24"/>
<tree posx="47" posy="56"/>
<tree posx="47" posy="57"/>
<tree posx="47" posy="58"/>
<cow posx="47" posy="64"/>
<cow posx="47" posy="65"/>
<cow posx="47" posy="66"/>
<cow posx="47" posy="67"/>
<cow posx="47" posy="68"/>
<cow posx="47" posy="69"/>
<cow posx="47" posy="70"/>
<cow posx="47" posy="71"/>
<cow posx="47" posy="72"/>
<cow posx="47" posy="74"/>
<tree posx="47" posy="79"/>
<tree posx="48" posy="0"/>
<tree posx="48" posy="22"/>
<tree posx="48" posy="23"/>
<tree posx="48" posy="24"/>
<tree posx="48" posy="56"/>
<tree posx="48" posy="57"/>
<tree posx="48" posy="58"/>
<cow posx="48" posy="65"/>
<cow posx="48" posy="66"/>
<cow posx="48" posy="67"/>
<cow posx="48" posy="68"/>
<cow posx="48" posy="69"/>
<cow posx="48" posy="70"/>
<cow posx="48" posy="71"/>
<cow posx="48" posy="72"/>
<cow posx="48" posy="73"/>
<cow posx="48" posy="74"/>
<tree posx="48" posy="79"/>
<tree posx="49" posy="0"/>
<tree posx="49" posy="22"/>
<tree posx="49" posy="23"/>
<tree posx="49" posy="24"/>
<tree posx="49" posy="56"/>
<tree posx="49" posy="57"/>
<tree posx="49" posy="58"/>
<cow posx="49" posy="65"/>
<cow posx="49" posy="66"/>
<cow posx="49" posy="67"/>
<cow posx="49" posy="68"/>
<cow posx="49" posy="69"/>
<cow posx="49" posy="70"/>
<cow posx="49" posy="71"/>
<cow posx="49" posy="72"/>
<cow posx="49" posy="73"/>
<tree posx="49" posy="79"/>
<tree posx="50" posy="0"/>
<tree posx="50" posy="22"/>
<tree posx="50" posy="23"/>
<tree posx="50" posy="24"/>
<tree posx="50" posy="56"/>
<tree posx="50" posy="57"/>
<tree posx="50" posy="58"/>
<cow posx="50" posy="67"/>
<cow posx="50" posy="68"/>
<cow posx="50" posy="69"/>
<cow posx="50" posy="70"/>
<cow posx="50" posy="71"/>
<cow posx="50" posy="72"/>
<cow posx="50" posy="73"/>
<tree posx="50" posy="79"/>
<tree posx="51" posy="0"/>
<tree posx="51" posy="22"/>
<tree posx="51" posy="23"/>
<tree posx="51" posy="24"/>
<tree posx="51" posy="56"/>
<tree posx="51" posy="57"/>
<tree posx="51" posy="58"/>
<cow posx="51" posy="64"/>
<cow posx="51" posy="67"/>
<tree posx="51" posy="79"/>
<tree posx="52" posy="0"/>
<tree posx="52" posy="22"/>
<tree posx="52" posy="23"/>
<tree posx="52" posy="24"/>
<tree posx="52" posy="56"/>
<tree posx="52" posy="57"/>
<tree posx="52" posy="58"/>
<tree posx="52" posy="79"/>
<tree posx="53" posy="0"/>
<tree posx="53" posy="22"/>
<tree posx="53" posy="23"/>
<tree posx="53" posy="24"/>
<tree posx="53" posy="56"/>
<tree posx="53" posy="57"/>
<tree posx="53" posy="58"/>
<tree posx="53" posy="79"/>
<tree posx="54" posy="0"/>
<tree posx="54" posy="22"/>
<tree posx="54" posy="23"/>
<tree posx="54" posy="24"/>
<tree posx="54" posy="56"/>
<tree posx="54" posy="57"/>
<tree posx="54" posy="58"/>
<tree posx="54" posy="79"/>
<tree posx="55" posy="0"/>
<tree posx="55" posy="22"/>
<tree posx="55" posy="23"/>
<tree posx="55" posy="24"/>
<tree posx="55" posy="56"/>
<tree posx="55" posy="57"/>
<tree posx="55" posy="58"/>
<tree posx="55" posy="79"/>
<tree posx="56" posy="0"/>
<tree posx="56" posy="22"/>
<tree posx="56" posy="23"/>
<tree posx="56" posy="24"/>
<tree posx="56" posy="56"/>
<tree posx="56" posy="57"/>
<tree posx="56" posy="58"/>
<tree posx="56" posy="79"/>
<tree posx="57" posy="0"/>
<tree posx="57" posy="22"/>
<tree posx="57" posy="23"/>
<tree posx="57" posy="24"/>
<tree posx="57" posy="56"/>
<tree posx="57" posy="57"/>
<tree posx="57" posy="58"/>
<tree posx="57" posy="79"/>
<tree posx="58" posy="0"/>
<tree posx="58" posy="1"/>
<tree posx="58" posy="2"/>
<fence posx="58" posy="4"/>
<fence posx="58" posy="5"/>
<fence posx="58" posy="6"/>
<fence posx="58" posy="7"/>
<fence posx="58" posy="8"/>
<fence posx="58" posy="9"/>
<fence posx="58" posy="10"/>
<fence posx="58" posy="11"/>
<fence posx="58" posy="12"/>
<fence posx="58" posy="13"/>
<fence posx="58" posy="14"/>
<fence posx="58" posy="15"/>
<fence posx="58" posy="16"/>
<fence posx="58" posy="17"/>
<fence posx="58" posy="18"/>
<tree posx="58" posy="19"/>
<tree posx="58" posy="20"/>
<tree posx="58" posy="21"/>
<tree posx="58" posy="22"/>
<tree posx="58" posy="23"/>
<tree posx="58" posy="24"/>
<tree posx="58" posy="56"/>
<tree posx="58" posy="57"/>
<tree posx="58" posy="58"/>
<tree posx="58" posy="79"/>
<tree posx="59" posy="0"/>
<stable1 posx="59" posy="1"/>
<stable1 posx="59" posy="2"/>
<stable1 posx="59" posy="3"/>
<stable1 posx="59" posy="4"/>
<stable1 posx="59" posy="5"/>
<stable1 posx="59" posy="6"/>
<stable1 posx="59" posy="7"/>
<stable1 posx="59" posy="8"/>
<stable1 posx="59" posy="9"/>
<stable1 posx="59" posy="10"/>
<stable1 posx="59" posy="11"/>
<stable1 posx="59" posy="12"/>
<stable1 posx="59" posy="13"/>
<stable1 posx="59" posy="14"/>
<stable1 posx="59" posy="15"/>
<stable1 posx="59" posy="16"/>
<stable1 posx="59" posy="17"/>
<stable1 posx="59" posy="18"/>
<stable1 posx="59" posy="19"/>
<stable1 posx="59" posy="20"/>
<stable1 posx="59" posy="21"/>
<tree posx="59" posy="22"/>
<tree posx="59" posy="23"/>
<tree posx="59" posy="24"/>
<fence posx="59" posy="57"/>
<tree posx="59" posy="79"/>
<tree posx="60" posy="0"/>
<stable1 posx="60" posy="1"/>
<stable1 posx="60" posy="2"/>
<stable1 posx="60" posy="3"/>
<stable1 posx="60" posy="4"/>
<stable1 posx="60" posy="5"/>
<stable1 posx="60" posy="6"/>
<stable1 posx="60" posy="7"/>
<stable1 posx="60" posy="8"/>
<stable1 posx="60" posy="9"/>
<stable1 posx="60" posy="10"/>
<stable1 posx="60" posy="11"/>
<stable1 posx="60" posy="12"/>
<stable1 posx="60" posy="13"/>
<stable1 posx="60" posy="14"/>
<stable1 posx="60" posy="15"/>
<stable1 posx="60" posy="16"/>
<stable1 posx="60" posy="17"/>
<stable1 posx="60" posy="18"/>
<stable1 posx="60" posy="19"/>
<stable1 posx="60" posy="20"/>
<stable1 posx="60" posy="21"/>
<tree posx="60" posy="22"/>
<tree posx="60" posy="23"/>
<tree posx="60" posy="24"/>
<fence posx="60" posy="57"/>
<tree posx="60" posy="79"/>
<tree posx="61" posy="0"/>
<stable1 posx="61" posy="1"/>
<stable1 posx="61" posy="2"/>
<stable1 posx="61" posy="3"/>
<stable1 posx="61" posy="4"/>
<stable1 posx="61" posy="5"/>
<stable1 posx="61" posy="6"/>
<stable1 posx="61" posy="7"/>
<stable1 posx="61" posy="8"/>
<stable1 posx="61" posy="9"/>
<stable1 posx="61" posy="10"/>
<stable1 posx="61" posy="11"/>
<stable1 posx="61" posy="12"/>
<stable1 posx="61" posy="13"/>
<stable1 posx="61" posy="14"/>
<stable1 posx="61" posy="15"/>
<stable1 posx="61" posy="16"/>
<stable1 posx="61" posy="17"/>
<stable1 posx="61" posy="18"/>
<stable1 posx="61" posy="19"/>
<stable1 posx="61" posy="20"/>
<stable1 posx="61" posy="21"/>
<tree posx="61" posy="22"/>
<tree posx="61" posy="23"/>
<tree posx="61" posy="24"/>
<fence posx="61" posy="57"/>
<tree posx="61" posy="79"/>
<tree posx="62" posy="0"/>
<stable1 posx="62" posy="1"/>
<stable1 posx="62" posy="2"/>
<stable1 posx="62" posy="3"/>
<stable1 posx="62" posy="4"/>
<stable1 posx="62" posy="5"/>
<stable1 posx="62" posy="6"/>
<stable1 posx="62" posy="7"/>
<stable1 posx="62" posy="8"/>
<stable1 posx="62" posy="9"/>
<stable1 posx="62" posy="10"/>
<stable1 posx="62" posy="11"/>
<stable1 posx="62" posy="12"/>
<stable1 posx="62" posy="13"/>
<stable1 posx="62" posy="14"/>
<stable1 posx="62" posy="15"/>
<stable1 posx="62" posy="16"/>
<stable1 posx="62" posy="17"/>
<stable1 posx="62" posy="18"/>
<stable1 posx="62" posy="19"/>
<stable1 posx="62" posy="20"/>
<stable1 posx="62" posy="21"/>
<tree posx="62" posy="22"/>
<tree posx="62" posy="23"/>
<tree posx="62" posy="24"/>
<fence posx="62" posy="57"/>
<tree posx="62" posy="79"/>
<tree posx="63" posy="0"/>
<stable1 posx="63" posy="1"/>
<stable1 posx="63" posy="2"/>
<stable1 posx="63" posy="3"/>
<stable1 posx="63" posy="4"/>
<stable1 posx="63" posy="5"/>
<stable1 posx="63" posy="6"/>
<stable1 posx="63" posy="7"/>
<stable1 posx="63" posy="8"/>
<stable1 posx="63" posy="9"/>
<stable1 posx="63" posy="10"/>
<stable1 posx="63" posy="11"/>
<stable1 posx="63" posy="12"/>
<stable1 posx="63" posy="13"/>
<stable1 posx="63" posy="14"/>
<stable1 posx="63" posy="15"/>
<stable1 posx="63" posy="16"/>
<stable1 posx="63" posy="17"/>
<stable1 posx="63" posy="18"/>
<stable1 posx="63" posy="19"/>
<stable1 posx="63" posy="20"/>
<stable1 posx="63" posy="21"/>
<tree posx="63" posy="22"/>
<tree posx="63" posy="23"/>
<tree posx="63" posy="24"/>
<cow posx="63" posy="41"/>
<cow posx="63" posy="42"/>
<fence posx="63" posy="57"/>
<tree posx="63" posy="79"/>
<tree posx="64" posy="0"/>
<stable1 posx="64" posy="1"/>
<stable1 posx="64" posy="2"/>
<stable1 posx="64" posy="3"/>
<stable1 posx="64" posy="4"/>
<stable1 posx="64" posy="5"/>
<stable1 posx="64" posy="6"/>
<stable1 posx="64" posy="7"/>
<stable1 posx="64" posy="8"/>
<stable1 posx="64" posy="9"/>
<stable1 posx="64" posy="10"/>
<stable1 posx="64" posy="11"/>
<stable1 posx="64" posy="12"/>
<stable1 posx="64" posy="13"/>
<stable1 posx="64" posy="14"/>
<stable1 posx="64" posy="15"/>
<stable1 posx="64" posy="16"/>
<stable1 posx="64" posy="17"/>
<stable1 posx="64" posy="18"/>
<stable1 posx="64" posy="19"/>
<stable1 posx="64" posy="20"/>
<stable1 posx="64" posy="21"/>
<tree posx="64" posy="22"/>
<tree posx="64" posy="23"/>
<tree posx="64" posy="24"/>
<cow posx="64" posy="33"/>
<cow posx="64" posy="34"/>
<cow posx="64" posy="35"/>
<cow posx="64" posy="36"/>
<cow posx="64" posy="37"/>
<cow posx="64" posy="38"/>
<cow posx="64" posy="39"/>
<cow posx="64" posy="41"/>
<cow posx="64" posy="42"/>
<cow posx="64" posy="44"/>
<cow posx="64" posy="45"/>
<fence posx="64" posy="57"/>
<tree posx="64" posy="79"/>
<tree posx="65" posy="0"/>
<stable1 posx="65" posy="1"/>
<stable1 posx="65" posy="2"/>
<stable1 posx="65" posy="3"/>
<stable1 posx="65" posy="4"/>
<stable1 posx="65" posy="5"/>
<stable1 posx="65" posy="6"/>
<stable1 posx="65" posy="7"/>
<stable1 posx="65" posy="8"/>
<stable1 posx="65" posy="9"/>
<stable1 posx="65" posy="10"/>
<stable1 posx="65" posy="11"/>
<stable1 posx="65" posy="12"/>
<stable1 posx="65" posy="13"/>
<stable1 posx="65" posy="14"/>
<stable1 posx="65" posy="15"/>
<stable1 posx="65" posy="16"/>
<stable1 posx="65" posy="17"/>
<stable1 posx="65" posy="18"/>
<stable1 posx="65" posy="19"/>
<stable1 posx="65" posy="20"/>
<stable1 posx="65" posy="21"/>
<tree posx="65" posy="22"/>
<tree posx="65" posy="23"/>
<tree posx="65" posy="24"/>
<cow posx="65" posy="33"/>
<cow posx="65" posy="34"/>
<cow posx="65" posy="35"/>
<cow posx="65" posy="37"/>
<cow posx="65" posy="38"/>
<cow posx="65" posy="39"/>
<cow posx="65" posy="41"/>
<cow posx="65" posy="42"/>
<cow posx="65" posy="43"/>
<cow posx="65" posy="44"/>
<cow posx="65" posy="45"/>
<fence posx="65" posy="57"/>
<tree posx="65" posy="79"/>
<tree posx="66" posy="0"/>
<stable1 posx="66" posy="1"/>
<stable1 posx="66" posy="2"/>
<stable1 posx="66" posy="3"/>
<stable1 posx="66" posy="4"/>
<stable1 posx="66" posy="5"/>
<stable1 posx="66" posy="6"/>
<stable1 posx="66" posy="7"/>
<stable1 posx="66" posy="8"/>
<stable1 posx="66" posy="9"/>
<stable1 posx="66" posy="10"/>
<stable1 posx="66" posy="11"/>
<stable1 posx="66" posy="12"/>
<stable1 posx="66" posy="13"/>
<stable1 posx="66" posy="14"/>
<stable1 posx="66" posy="15"/>
<stable1 posx="66" posy="16"/>
<stable1 posx="66" posy="17"/>
<stable1 posx="66" posy="18"/>
<stable1 posx="66" posy="19"/>
<stable1 posx="66" posy="20"/>
<stable1 posx="66" posy="21"/>
<tree posx="66" posy="22"/>
<tree posx="66" posy="23"/>
<tree posx="66" posy="24"/>
<cow posx="66" posy="34"/>
<cow posx="66" posy="35"/>
<cow posx="66" posy="37"/>
<cow posx="66" posy="41"/>
<cow posx="66" posy="43"/>
<cow posx="66" posy="44"/>
<cow posx="66" posy="45"/>
<fence posx="66" posy="57"/>
<tree posx="66" posy="79"/>
<tree posx="67" posy="0"/>
<stable1 posx="67" posy="1"/>
<stable1 posx="67" posy="2"/>
<stable1 posx="67" posy="3"/>
<stable1 posx="67" posy="4"/>
<stable1 posx="67" posy="5"/>
<stable1 posx="67" posy="6"/>
<stable1 posx="67" posy="7"/>
<stable1 posx="67" posy="8"/>
<stable1 posx="67" posy="9"/>
<stable1 posx="67" posy="10"/>
<stable1 posx="67" posy="11"/>
<stable1 posx="67" posy="12"/>
<stable1 posx="67" posy="13"/>
<stable1 posx="67" posy="14"/>
<stable1 posx="67" posy="15"/>
<stable1 posx="67" posy="16"/>
<stable1 posx="67" posy="17"/>
<stable1 posx="67" posy="18"/>
<stable1 posx="67" posy="19"/>
<stable1 posx="67" posy="20"/>
<stable1 posx="67" posy="21"/>
<tree posx="67" posy="22"/>
<tree posx="67" posy="23"/>
<tree posx="67" posy="24"/>
<cow posx="67" posy="32"/>
<cow posx="67" posy="33"/>
<cow posx="67" posy="34"/>
<cow posx="67" posy="35"/>
<cow posx="67" posy="43"/>
<cow posx="67" posy="44"/>
<cow posx="67" posy="45"/>
<fence posx="67" posy="57"/>
<tree posx="67" posy="79"/>
<tree posx="68" posy="0"/>
<stable1 posx="68" posy="1"/>
<stable1 posx="68" posy="2"/>
<stable1 posx="68" posy="3"/>
<stable1 posx="68" posy="4"/>
<stable1 posx="68" posy="5"/>
<stable1 posx="68" posy="6"/>
<stable1 posx="68" posy="7"/>
<stable1 posx="68" posy="8"/>
<stable1 posx="68" posy="9"/>
<stable1 posx="68" posy="10"/>
<stable1 posx="68" posy="11"/>
<stable1 posx="68" posy="12"/>
<stable1 posx="68" posy="13"/>
<stable1 posx="68" posy="14"/>
<stable1 posx="68" posy="15"/>
<stable1 posx="68" posy="16"/>
<stable1 posx="68" posy="17"/>
<stable1 posx="68" posy="18"/>
<stable1 posx="68" posy="19"/>
<stable1 posx="68" posy="20"/>
<stable1 posx="68" posy="21"/>
<tree posx="68" posy="22"/>
<tree posx="68" posy="23"/>
<tree posx="68" posy="24"/>
<cow posx="68" posy="32"/>
<cow posx="68" posy="34"/>
<cow posx="68" posy="44"/>
<cow posx="68" posy="45"/>
<cow posx="68" posy="46"/>
<fence posx="68" posy="57"/>
<tree posx="68" posy="79"/>
<tree posx="69" posy="0"/>
<stable1 posx="69" posy="1"/>
<stable1 posx="69" posy="2"/>
<stable1 posx="69" posy="3"/>
<stable1 posx="69" posy="4"/>
<stable1 posx="69" posy="5"/>
<stable1 posx="69" posy="6"/>
<stable1 posx="69" posy="7"/>
<stable1 posx="69" posy="8"/>
<stable1 posx="69" posy="9"/>
<stable1 posx="69" posy="10"/>
<stable1 posx="69" posy="11"/>
<stable1 posx="69" posy="12"/>
<stable1 posx="69" posy="13"/>
<stable1 posx="69" posy="14"/>
<stable1 posx="69" posy="15"/>
<stable1 posx="69" posy="16"/>
<stable1 posx="69" posy="17"/>
<stable1 posx="69" posy="18"/>
<stable1 posx="69" posy="19"/>
<stable1 posx="69" posy="20"/>
<stable1 posx="69" posy="21"/>
<tree posx="69" posy="22"/>
<tree posx="69" posy="23"/>
<tree posx="69" posy="24"/>
<cow posx="69" posy="32"/>
<cow posx="69" posy="34"/>
<cow posx="69" posy="35"/>
<cow posx="69" posy="36"/>
<cow posx="69" posy="42"/>
<cow posx="69" posy="43"/>
<cow posx="69" posy="44"/>
<fence posx="69" posy="57"/>
<tree posx="69" posy="79"/>
<tree posx="70" posy="0"/>
<stable1 posx="70" posy="1"/>
<stable1 posx="70" posy="2"/>
<stable1 posx="70" posy="3"/>
<stable1 posx="70" posy="4"/>
<stable1 posx="70" posy="5"/>
<stable1 posx="70" posy="6"/>
<stable1 posx="70" posy="7"/>
<stable1 posx="70" posy="8"/>
<stable1 posx="70" posy="9"/>
<stable1 posx="70" posy="10"/>
<stable1 posx="70" posy="11"/>
<stable1 posx="70" posy="12"/>
<stable1 posx="70" posy="13"/>
<stable1 posx="70" posy="14"/>
<stable1 posx="70" posy="15"/>
<stable1 posx="70" posy="16"/>
<stable1 posx="70" posy="17"/>
<stable1 posx="70" posy="18"/>
<stable1 posx="70" posy="19"/>
<stable1 posx="70" posy="20"/>
<stable1 posx="70" posy="21"/>
<tree posx="70" posy="22"/>
<tree posx="70" posy="23"/>
<tree posx="70" posy="24"/>
<cow posx="70" posy="33"/>
<cow posx="70" posy="34"/>
<cow posx="70" posy="35"/>
<cow posx="70" posy="36"/>
<cow posx="70" posy="42"/>
<cow posx="70" posy="43"/>
<cow posx="70" posy="44"/>
<cow posx="70" posy="45"/>
<fence posx="70" posy="57"/>
<tree posx="70" posy="79"/>
<tree posx="71" posy="0"/>
<stable1 posx="71" posy="1"/>
<stable1 posx="71" posy="2"/>
<stable1 posx="71" posy="3"/>
<stable1 posx="71" posy="4"/>
<stable1 posx="71" posy="5"/>
<stable1 posx="71" posy="6"/>
<stable1 posx="71" posy="7"/>
<stable1 posx="71" posy="8"/>
<stable1 posx="71" posy="9"/>
<stable1 posx="71" posy="10"/>
<stable1 posx="71" posy="11"/>
<stable1 posx="71" posy="12"/>
<stable1 posx="71" posy="13"/>
<stable1 posx="71" posy="14"/>
<stable1 posx="71" posy="15"/>
<stable1 posx="71" posy="16"/>
<stable1 posx="71" posy="17"/>
<stable1 posx="71" posy="18"/>
<stable1 posx="71" posy="19"/>
<stable1 posx="71" posy="20"/>
<stable1 posx="71" posy="21"/>
<tree posx="71" posy="22"/>
<tree posx="71" posy="23"/>
<tree posx="71" posy="24"/>
<cow posx="71" posy="33"/>
<cow posx="71" posy="34"/>
<cow posx="71" posy="37"/>
<cow posx="71" posy="41"/>
<cow posx="71" posy="44"/>
<cow posx="71" posy="45"/>
<fence posx="71" posy="57"/>
<tree posx="71" posy="79"/>
<tree posx="72" posy="0"/>
<stable1 posx="72" posy="1"/>
<stable1 posx="72" posy="2"/>
<stable1 posx="72" posy="3"/>
<stable1 posx="72" posy="4"/>
<stable1 posx="72" posy="5"/>
<stable1 posx="72" posy="6"/>
<stable1 posx="72" posy="7"/>
<stable1 posx="72" posy="8"/>
<stable1 posx="72" posy="9"/>
<stable1 posx="72" posy="10"/>
<stable1 posx="72" posy="11"/>
<stable1 posx="72" posy="12"/>
<stable1 posx="72" posy="13"/>
<stable1 posx="72" posy="14"/>
<stable1 posx="72" posy="15"/>
<stable1 posx="72" posy="16"/>
<stable1 posx="72" posy="17"/>
<stable1 posx="72" posy="18"/>
<stable1 posx="72" posy="19"/>
<stable1 posx="72" posy="20"/>
<stable1 posx="72" posy="21"/>
<tree posx="72" posy="22"/>
<tree posx="72" posy="23"/>
<tree posx="72" posy="24"/>
<cow posx="72" posy="33"/>
<cow posx="72" posy="34"/>
<cow posx="72" posy="35"/>
<cow posx="72" posy="37"/>
<cow posx="72" posy="38"/>
<cow posx="72" posy="39"/>
<cow posx="72" posy="41"/>
<cow posx="72" posy="42"/>
<cow posx="72" posy="43"/>
<cow posx="72" posy="44"/>
<cow posx="72" posy="45"/>
<fence posx="72" posy="57"/>
<tree posx="72" posy="79"/>
<tree posx="73" posy="0"/>
<stable1 posx="73" posy="1"/>
<stable1 posx="73" posy="2"/>
<stable1 posx="73" posy="3"/>
<stable1 posx="73" posy="4"/>
<stable1 posx="73" posy="5"/>
<stable1 posx="73" posy="6"/>
<stable1 posx="73" posy="7"/>
<stable1 posx="73" posy="8"/>
<stable1 posx="73" posy="9"/>
<stable1 posx="73" posy="10"/>
<stable1 posx="73" posy="11"/>
<stable1 posx="73" posy="12"/>
<stable1 posx="73" posy="13"/>
<stable1 posx="73" posy="14"/>
<stable1 posx="73" posy="15"/>
<stable1 posx="73" posy="16"/>
<stable1 posx="73" posy="17"/>
<stable1 posx="73" posy="18"/>
<stable1 posx="73" posy="19"/>
<stable1 posx="73" posy="20"/>
<stable1 posx="73" posy="21"/>
<tree posx="73" posy="22"/>
<tree posx="73" posy="23"/>
<tree posx="73" posy="24"/>
<cow posx="73" posy="33"/>
<cow posx="73" posy="34"/>
<cow posx="73" posy="36"/>
<cow posx="73" posy="37"/>
<cow posx="73" posy="40"/>
<cow posx="73" posy="42"/>
<cow posx="73" posy="43"/>
<cow posx="73" posy="44"/>
<cow posx="73" posy="45"/>
<fence posx="73" posy="57"/>
<tree posx="73" posy="79"/>
<tree posx="74" posy="0"/>
<stable1 posx="74" posy="1"/>
<stable1 posx="74" posy="2"/>
<stable1 posx="74" posy="3"/>
<stable1 posx="74" posy="4"/>
<stable1 posx="74" posy="5"/>
<stable1 posx="74" posy="6"/>
<stable1 posx="74" posy="7"/>
<stable1 posx="74" posy="8"/>
<stable1 posx="74" posy="9"/>
<stable1 posx="74" posy="10"/>
<stable1 posx="74" posy="11"/>
<stable1 posx="74" posy="12"/>
<stable1 posx="74" posy="13"/>
<stable1 posx="74" posy="14"/>
<stable1 posx="74" posy="15"/>
<stable1 posx="74" posy="16"/>
<stable1 posx="74" posy="17"/>
<stable1 posx="74" posy="18"/>
<stable1 posx="74" posy="19"/>
<stable1 posx="74" posy="20"/>
<stable1 posx="74" posy="21"/>
<tree posx="74" posy="22"/>
<tree posx="74" posy="23"/>
<tree posx="74" posy="24"/>
<cow posx="74" posy="36"/>
<cow posx="74" posy="37"/>
<cow posx="74" posy="40"/>
<cow posx="74" posy="42"/>
<fence posx="74" posy="57"/>
<tree posx="74" posy="79"/>
<tree posx="75" posy="0"/>
<stable1 posx="75" posy="1"/>
<stable1 posx="75" posy="2"/>
<stable1 posx="75" posy="3"/>
<stable1 posx="75" posy="4"/>
<stable1 posx="75" posy="5"/>
<stable1 posx="75" posy="6"/>
<stable1 posx="75" posy="7"/>
<stable1 posx="75" posy="8"/>
<stable1 posx="75" posy="9"/>
<stable1 posx="75" posy="10"/>
<stable1 posx="75" posy="11"/>
<stable1 posx="75" posy="12"/>
<stable1 posx="75" posy="13"/>
<stable1 posx="75" posy="14"/>
<stable1 posx="75" posy="15"/>
<stable1 posx="75" posy="16"/>
<stable1 posx="75" posy="17"/>
<stable1 posx="75" posy="18"/>
<stable1 posx="75" posy="19"/>
<stable1 posx="75" posy="20"/>
<stable1 posx="75" posy="21"/>
<tree posx="75" posy="22"/>
<tree posx="75" posy="23"/>
<tree posx="75" posy="24"/>
<tree posx="75" posy="79"/>
<tree posx="76" posy="0"/>
<stable1 posx="76" posy="1"/>
<stable1 posx="76" posy="2"/>
<stable1 posx="76" posy="3"/>
<stable1 posx="76" posy="4"/>
<stable1 posx="76" posy="5"/>
<stable1 posx="76" posy="6"/>
<stable1 posx="76" posy="7"/>
<stable1 posx="76" posy="8"/>
<stable1 posx="76" posy="9"/>
<stable1 posx="76" posy="10"/>
<stable1 posx="76" posy="11"/>
<stable1 posx="76" posy="12"/>
<stable1 posx="76" posy="13"/>
<stable1 posx="76" posy="14"/>
<stable1 posx="76" posy="15"/>
<stable1 posx="76" posy="16"/>
<stable1 posx="76" posy="17"/>
<stable1 posx="76" posy="18"/>
<stable1 posx="76" posy="19"/>
<stable1 posx="76" posy="20"/>
<stable1 posx="76" posy="21"/>
<tree posx="76" posy="22"/>
<tree posx="76" posy="23"/>
<tree posx="76" posy="24"/>
<tree posx="76" posy="56"/>
<tree posx="76" posy="57"/>
<tree posx="76" posy="58"/>
<tree posx="76" posy="79"/>
<tree posx="77" posy="0"/>
<stable1 posx="77" posy="1"/>
<stable1 posx="77" posy="2"/>
<stable1 posx="77" posy="3"/>
<stable1 posx="77" posy="4"/>
<stable1 posx="77" posy="5"/>
<stable1 posx="77" posy="6"/>
<stable1 posx="77" posy="7"/>
<stable1 posx="77" posy="8"/>
<stable1 posx="77" posy="9"/>
<stable1 posx="77" posy="10"/>
<stable1 posx="77" posy="11"/>
<stable1 posx="77" posy="12"/>
<stable1 posx="77" posy="13"/>
<stable1 posx="77" posy="14"/>
<stable1 posx="77" posy="15"/>
<stable1 posx="77" posy="16"/>
<stable1 posx="77" posy="17"/>
<stable1 posx="77" posy="18"/>
<stable1 posx="77" posy="19"/>
<stable1 posx="77" posy="20"/>
<stable1 posx="77" posy="21"/>
<tree posx="77" posy="22"/>
<tree posx="77" posy="23"/>
<tree posx="77" posy="24"/>
<tree posx="77" posy="56"/>
<tree posx="77" posy="57"/>
<tree posx="77" posy="58"/>
<tree posx="77" posy="79"/>
<tree posx="78" posy="0"/>
<stable1 posx="78" posy="1"/>
<stable1 posx="78" posy="2"/>
<stable1 posx="78" posy="3"/>
<stable1 posx="78" posy="4"/>
<stable1 posx="78" posy="5"/>
<stable1 posx="78" posy="6"/>
<stable1 posx="78" posy="7"/>
<stable1 posx="78" posy="8"/>
<stable1 posx="78" posy="9"/>
<stable1 posx="78" posy="10"/>
<stable1 posx="78" posy="11"/>
<stable1 posx="78" posy="12"/>
<stable1 posx="78" posy="13"/>
<stable1 posx="78" posy="14"/>
<stable1 posx="78" posy="15"/>
<stable1 posx="78" posy="16"/>
<stable1 posx="78" posy="17"/>
<stable1 posx="78" posy="18"/>
<stable1 posx="78" posy="19"/>
<stable1 posx="78" posy="20"/>
<stable1 posx="78" posy="21"/>
<tree posx="78" posy="22"/>
<tree posx="78" posy="23"/>
<tree posx="78" posy="24"/>
<tree posx="78" posy="56"/>
<tree posx="78" posy="57"/>
<tree posx="78" posy="58"/>
<tree posx="78" posy="79"/>
<tree posx="79" posy="0"/>
<tree posx="79" posy="1"/>
<tree posx="79" posy="2"/>
<tree posx="79" posy="3"/>
<tree posx="79" posy="4"/>
<tree posx="79" posy="5"/>
<tree posx="79" posy="6"/>
<tree posx="79" posy="7"/>
<tree posx="79" posy="8"/>
<tree posx="79" posy="9"/>
<tree posx="79" posy="10"/>
<tree posx="79" posy="11"/>
<tree posx="79" posy="12"/>
<tree posx="79" posy="13"/>
<tree posx="79" posy="14"/>
<tree posx="79" posy="15"/>
<tree posx="79" posy="16"/>
<tree posx="79" posy="17"/>
<tree posx="79" posy="18"/>
<tree posx="79" posy="19"/>
<tree posx="79" posy="20"/>
<tree posx="79" posy="21"/>
<tree posx="79" posy="22"/>
<tree posx="79" posy="23"/>
<tree posx="79" posy="24"/>
<tree posx="79" posy="25"/>
<tree posx="79" posy="26"/>
<tree posx="79" posy="27"/>
<tree posx="79" posy="28"/>
<tree posx="79" posy="29"/>
<tree posx="79" posy="30"/>
<tree posx="79" posy="31"/>
<tree posx="79" posy="32"/>
<tree posx="79" posy="33"/>
<tree posx="79" posy="34"/>
<tree posx="79" posy="35"/>
<tree posx="79" posy="36"/>
<tree posx="79" posy="37"/>
<tree posx="79" posy="38"/>
<tree posx="79" posy="39"/>
<tree posx="79" posy="40"/>
<tree posx="79" posy="41"/>
<tree posx="79" posy="42"/>
<tree posx="79" posy="43"/>
<tree posx="79" posy="44"/>
<tree posx="79" posy="45"/>
<tree posx="79" posy="46"/>
<tree posx="79" posy="47"/>
<tree posx="79" posy="48"/>
<tree posx="79" posy="49"/>
<tree posx="79" posy="50"/>
<tree posx="79" posy="51"/>
<tree posx="79" posy="52"/>
<tree posx="79" posy="53"/>
<tree posx="79" posy="54"/>
<tree posx="79" posy="55"/>
<tree posx="79" posy="56"/>
<tree posx="79" posy="57"/>
<tree posx="79" posy="58"/>
<tree posx="79" posy="59"/>
<tree posx="79" posy="60"/>
<tree posx="79" posy="61"/>
<tree posx="79" posy="62"/>
<tree posx="79" posy="63"/>
<tree posx="79" posy="64"/>
<tree posx="79" posy="65"/>
<tree posx="79" posy="66"/>
<tree posx="79" posy="67"/>
<tree posx="79" posy="68"/>
<tree posx="79" posy="69"/>
<tree posx="79" posy="70"/>
<tree posx="79" posy="71"/>
<tree posx="79" posy="72"/>
<tree posx="79" posy="73"/>
<tree posx="79" posy="74"/>
<tree posx="79" posy="75"/>
<tree posx="79" posy="76"/>
<tree posx="79" posy="77"/>
<tree posx="79" posy="78"/>
<tree posx="79" posy="79"/>
</state>
</simulation>
